ID,Latitude,Longitude,Elevation,MAT,MWMT,MCMT,TD,MAP,MSP,AHM,SHM,DD_0,DD5,DD_18,DD18,NFFD,bFFP,eFFP,FFP,PAS,EMT,EXT,Eref,CMD,MAR,RH
1,55.06,-118.73,670,1.6,15.7,-15.1,30.9,469,299,24.7,52.7,1648,1284,5985,36,150,149,250,101,134,-47.1,34,561,217,11.4,54
2,49.66,-110.25,1160,3.3,16.6,-9.8,26.4,421,254,31.6,65.3,1133,1365,5374,51,151,150,248,98,122,-42.2,36.6,643,336,14.1,55
3,54.71,-115.41,1160,1.8,13.9,-9.9,23.9,678,480,17.3,29.1,1300,1048,5905,17,151,145,258,113,169,-41.4,29.8,464,35,12.3,61
4,53.9,-119.06,1220,2.1,13.2,-8.6,21.8,568,354,21.3,37.3,1121,948,5783,12,143,160,251,92,174,-42.1,30.7,488,94,12.2,59
5,54.65,-118.83,1021,2.4,14.5,-10.6,25.1,628,403,19.7,35.8,1222,1137,5677,21,156,146,256,110,176,-42.6,31.4,498,58,11.8,60
6,54.41,-119,1189,2.1,13.7,-9.6,23.3,682,426,17.7,32.1,1188,1005,5789,15,153,151,258,106,205,-42.5,30.1,462,35,12,62
7,55.63,-113.45,914,-1.2,13.9,-20.2,34.1,518,349,17.1,40,2170,928,6965,14,132,162,240,79,160,-46,31.8,480,94,12.4,57
8,59.7,-117.98,731,-4.1,14,-25,39,412,245,14.3,57.3,3094,846,8034,12,122,157,237,81,173,-49.2,32.5,389,145,10.8,58
9,49.91,-114.08,1432,2.7,14.8,-10,24.8,590,302,21.5,49,1099,1115,5578,23,144,164,254,90,222,-42.1,33.2,570,188,13.2,57
10,51.33,-114.58,1371,2.5,13.9,-10.3,24.2,518,346,24.1,40.3,1109,1052,5642,17,137,163,244,80,128,-43.4,33.1,569,158,13.5,53
11,52.16,-115.66,1676,0.5,12.3,-12.4,24.6,700,448,15,27.3,1459,786,6365,8,126,164,244,80,238,-46,30.6,483,5,13.1,57
12,53.08,-115.5,975,2.5,15.2,-12,27.1,597,433,20.9,35,1303,1234,5658,29,154,145,254,109,126,-44.8,32.4,536,68,12.3,57
13,55.25,-116.16,792,1.5,15.2,-15,30.2,574,388,20,39.2,1599,1211,6004,28,154,144,253,109,150,-46.3,32.4,511,90,11.8,57
14,56.16,-118.5,609,1.1,15.7,-16.5,32.2,429,267,25.9,58.8,1772,1266,6152,35,156,142,253,112,133,-45.9,33.7,516,208,11.6,59
15,56.25,-118.91,609,1,15.7,-16.7,32.3,417,260,26.3,60.3,1803,1250,6202,34,155,143,253,110,132,-46.2,33.5,512,215,11.1,59
16,55.08,-119.41,701,1.6,15.2,-14.5,29.7,477,295,24.3,51.4,1573,1216,5975,29,151,148,251,103,148,-46.2,33.5,534,195,11.6,56
17,52.63,-116.08,1520,1.1,12.9,-11.8,24.7,593,401,18.7,32.2,1364,875,6149,10,132,160,247,87,171,-45.3,30.7,494,31,13.2,56
18,53.2,-117.53,1360,1.3,13.1,-11.1,24.2,668,427,16.9,30.8,1335,904,6082,11,139,157,252,95,211,-44.7,30.3,479,29,12.3,59
19,53.73,-116.58,1000,2.3,14.5,-11.7,26.2,590,430,20.8,33.7,1268,1125,5732,21,148,153,251,99,127,-44.6,31.9,526,68,12,56
20,53.5,-116.16,1090,2.1,14.2,-11.5,25.7,619,452,19.6,31.5,1267,1082,5778,18,149,151,251,100,137,-44.9,31,509,55,12.1,57
21,50.66,-115.08,1860,-0.3,11.3,-12,23.4,673,346,14.4,32.7,1525,625,6653,5,112,178,238,60,332,-45.7,29.5,429,68,13.7,59
22,58.75,-115.41,825,-3.4,14.1,-24.1,38.3,447,271,14.9,52.2,2870,880,7760,13,130,154,242,88,177,-47.4,32.3,393,115,11.2,60
23,54.03,-116.06,990,2.2,14.4,-11.4,25.9,609,430,20,33.6,1269,1115,5750,20,151,150,254,104,144,-44.5,31.2,509,58,12.3,57
24,52.96,-115.91,1067,2.3,14.4,-11.4,25.9,611,441,20.1,32.7,1253,1116,5730,21,147,153,251,98,133,-44.5,32.1,534,56,12.5,56
25,53.88,-116.83,1069,1.8,13.7,-11.2,24.9,635,439,18.7,31.2,1261,1005,5879,15,147,152,256,104,165,-44.3,30.3,480,41,11.6,59
26,58.63,-118.8,625,-2.1,15,-23,38,418,262,18.9,57.3,2618,1032,7314,21,135,151,243,92,148,-46.9,33.6,436,158,11.7,57
27,56.55,-119.86,945,0.4,14.2,-15.1,29.3,500,290,20.8,48.8,1733,1005,6405,17,149,146,251,105,184,-46.6,30.7,442,111,11.4,62
28,57.76,-116.53,755,-1.8,14.9,-22.3,37.2,436,275,18.8,54.3,2517,1035,7200,21,138,150,244,94,149,-46.6,33.5,478,168,11.1,58
29,53.68,-115.83,835,2.2,15.2,-12.9,28.1,576,415,21.2,36.7,1388,1232,5750,29,151,150,251,101,126,-45.9,32.8,551,95,12.2,55
30,49.66,-110.16,1299,2.8,16.1,-10.4,26.5,430,257,29.7,62.4,1216,1282,5554,41,149,150,248,98,134,-43,36,617,309,14.3,56
31,49.63,-114.63,1364,1.9,13.5,-9.5,23,555,267,21.4,50.4,1151,931,5852,13,141,164,249,85,239,-41.5,31.9,524,185,12.7,62
32,49.86,-114,1662,2.3,14.4,-10.2,24.7,689,337,17.8,42.8,1158,1051,5730,19,142,168,255,86,286,-42.5,32.5,548,130,14.1,58
33,55.71,-119.66,791,1.2,14.8,-14.9,29.7,524,319,21.3,46.3,1633,1135,6127,24,149,149,250,101,172,-46.6,32.8,506,149,11.8,57
34,56.7,-119.2,1025,-0.4,13.7,-16.9,30.6,520,318,18.5,43.1,1927,947,6678,14,140,152,244,92,184,-47,31.2,461,105,11.7,60
35,56.33,-119.95,742,0.7,14.8,-14.8,29.6,478,275,22.4,53.7,1728,1100,6281,23,147,150,248,98,174,-47.2,33,494,177,11.4,58
36,54.76,-119.4,1016,2.3,14.3,-11.4,25.7,662,417,18.6,34.3,1239,1125,5709,20,155,148,256,108,190,-43.4,31.5,499,50,11.9,60
37,54.55,-119.2,1162,2.3,13.9,-9.9,23.8,683,418,17.9,33.3,1188,1055,5730,17,155,149,257,108,208,-42.3,30.6,477,38,11.7,61
38,52.65,-115.1,940,2.6,15.3,-12,27.3,565,400,22.3,38.2,1291,1261,5614,31,153,148,253,105,123,-44.7,33.3,561,110,12.5,56
39,52.5,-115.51,1152,2.2,14.3,-11.8,26.1,607,434,20.1,33,1264,1103,5754,20,143,156,248,92,135,-44.8,32.8,547,60,12.6,54
40,52.07,-115.48,1655,0.8,12.5,-12.3,24.8,707,457,15.2,27.4,1423,825,6270,9,128,165,247,83,225,-46,30.8,491,2,13.3,56
41,52.17,-115.43,1476,1.1,13.1,-12.5,25.6,642,422,17.2,31,1408,901,6160,11,132,162,252,90,192,-46,31.5,503,15,12.7,55
42,51.95,-115.21,1392,1.7,13.2,-11.3,24.5,674,468,17.3,28.3,1261,940,5940,12,127,168,241,73,170,-45.4,32.6,543,27,13.2,52
43,57.72,-119.54,964,-1.7,13.7,-20.1,33.8,512,319,16.2,43,2318,896,7158,12,132,155,241,86,186,-47.7,31.5,451,96,11.4,59
44,53.94,-119.31,1393,1.2,12.1,-9.7,21.7,628,371,17.8,32.5,1238,782,6121,7,134,165,249,84,229,-42.9,29.1,449,41,12,61
45,53.91,-118.91,1207,2.1,13.2,-9.1,22.2,574,362,21.1,36.5,1153,974,5782,13,141,161,250,89,169,-43.5,31.2,500,89,11.6,57
46,53.83,-119.61,1713,0.4,11.1,-10.2,21.3,829,461,12.6,24,1324,647,6391,5,127,169,247,79,353,-43.4,27.8,415,2,12.7,62
47,54.26,-116.86,900,2.3,14.9,-12,26.9,617,436,20,34.1,1301,1183,5698,25,155,147,255,107,144,-44.4,31.8,519,56,11.8,58
48,58.56,-119.3,645,-2.2,14.9,-23.2,38.1,425,263,18.3,56.6,2643,1017,7358,20,134,152,243,91,154,-47,33.5,432,154,11.2,58
49,57.28,-118.4,699,-0.7,15,-20.5,35.5,442,277,21.1,54.2,2195,1104,6795,23,143,149,246,97,146,-45.4,33.3,493,177,11.1,59
50,57.23,-118.25,725,-0.7,14.9,-20.4,35.3,445,280,20.9,53.2,2184,1086,6797,22,142,149,245,96,147,-45.2,33.2,492,173,11.4,59
51,54.36,-116.18,940,2.2,14.5,-11.6,26.2,616,437,19.8,33.2,1289,1131,5750,21,153,148,254,106,144,-44.6,31.1,504,55,12.1,58
52,55.01,-115.17,902,1.9,14.5,-11.6,26.1,631,445,18.8,32.5,1342,1095,5870,20,155,144,256,111,150,-44,30.6,469,49,11.8,61
53,54.83,-116.44,905,2.1,14.6,-12.3,26.8,622,431,19.4,33.8,1336,1139,5788,22,155,146,255,109,153,-45,31.3,496,53,12,59
54,52.5,-116.02,1586,0.6,12.3,-12.3,24.6,652,433,16.2,28.5,1438,787,6338,8,124,166,242,76,206,-46.1,30.4,489,17,12.2,55
55,55.52,-113.97,853,-0.1,14.5,-18.4,32.9,571,381,17.3,38,1948,1041,6587,19,140,154,245,90,165,-46,32.2,497,78,12.2,56
56,49.73,-114.44,2042,1,12.8,-10.3,23.2,813,369,13.5,34.8,1301,811,6182,9,131,173,246,73,401,-42.3,30.7,445,72,13.5,63
57,56.63,-119.2,1030,-0.3,13.7,-16.7,30.4,521,318,18.6,43,1912,947,6661,14,140,152,244,92,184,-47,31.1,461,104,11.6,60
58,57.32,-118.96,992,-1.9,13.6,-20.8,34.3,467,295,17.3,46,2383,877,7242,12,132,155,241,86,167,-47.3,31.5,411,99,11.6,61
59,54.74,-117.39,809,1.8,15.2,-14.2,29.3,585,387,20.3,39.1,1502,1224,5880,28,153,146,252,107,160,-46,32.8,528,91,11.9,57
60,54.4,-115.56,1039,2.1,14.4,-10.6,25,596,413,20.4,34.8,1248,1098,5767,20,153,146,256,110,150,-43.3,30.5,484,51,12.3,60
61,52.13,-116.85,1748,-2.3,9.5,-13.3,22.8,858,325,9,29.3,1877,389,7375,2,97,177,232,55,582,-46.9,28.3,324,25,12.3,63
62,52.1,-116.56,1944,-1.4,10.1,-13,23.1,964,428,8.9,23.6,1726,495,7062,3,106,174,236,61,570,-46.2,28.2,353,0,13.5,61
63,54.73,-115.9,1272,1.3,13.5,-9.9,23.4,785,558,14.4,24.2,1332,957,6057,13,148,147,258,111,204,-42.8,29.2,444,23,12.4,62
64,51.57,-114.62,1200,2.6,14.3,-10.6,24.9,508,364,24.8,39.4,1136,1113,5603,20,141,159,246,87,104,-43.9,33.2,570,152,12.9,54
65,51.13,-114.62,1263,2.8,14.6,-10.4,24.9,502,324,25.5,45,1097,1131,5538,22,142,160,246,86,126,-43,33.5,584,193,13.2,54
66,53.05,-117.39,1707,-0.1,11.7,-12,23.7,904,522,11,22.3,1529,685,6584,6,126,162,247,85,376,-46.6,28.7,390,0,12.5,60
67,49.57,-114.73,1500,1.9,13.4,-9.2,22.6,707,286,16.8,46.9,1140,912,5866,12,141,164,249,85,350,-41.2,31.5,514,151,12.3,63
68,53.33,-117.03,1140,2.1,14,-11.4,25.3,617,426,19.6,32.8,1245,1052,5792,17,139,162,247,86,153,-44.6,32,538,71,12.2,54
69,52.95,-116.4,1330,1.6,13.5,-10.9,24.4,644,449,18.1,30,1275,954,5953,13,138,158,248,90,166,-45.1,30.8,507,27,12.6,56
70,53.27,-116.66,1060,2.3,14.4,-11.5,25.9,608,429,20.2,33.7,1250,1118,5721,21,144,157,249,92,141,-44.6,32.3,546,75,12.1,55
71,53.03,-117.37,1700,-0.2,11.6,-12.1,23.7,903,522,10.9,22.3,1538,677,6605,6,126,162,247,85,377,-46.6,28.7,388,0,12.3,60
72,53.12,-117.15,1400,1.3,13.4,-11.2,24.6,698,466,16.1,28.7,1360,925,6091,12,137,156,249,93,204,-46.2,30.6,490,22,12.7,57
73,50.15,-114.48,1872,-0.3,12,-12,24,798,361,12.2,33.2,1547,675,6641,6,121,177,244,67,442,-44.4,29.6,414,64,14.1,64
74,52.93,-117.32,1870,-1,10.6,-12.6,23.2,1028,550,8.8,19.3,1660,553,6903,4,118,165,245,79,505,-46.7,27.8,340,0,13.1,62
75,53.05,-116.03,1245,2,13.9,-11.2,25.1,634,456,18.9,30.4,1245,1031,5821,16,142,156,249,93,145,-44.7,31.5,520,41,12.5,56
76,53.75,-116.89,1219,1.9,13.7,-11.1,24.8,634,443,18.8,30.9,1238,1004,5852,15,146,153,254,101,156,-44.3,30.5,488,41,12.5,58
77,56.46,-117.39,634,0.3,15.4,-18.9,34.2,412,263,25,58.5,1965,1191,6442,29,142,150,243,94,125,-44.8,34.2,541,239,11.7,54
78,53.67,-117.45,1219,1.9,13.4,-10.8,24.2,608,412,19.6,32.6,1215,972,5857,13,142,159,250,91,160,-44.2,30.8,498,47,12.1,57
79,52.27,-115.06,1067,2.4,14.7,-12,26.7,584,411,21.2,35.8,1281,1173,5689,25,145,155,248,93,132,-45.1,33.9,567,104,12.8,54
80,54.37,-116.77,915,2.3,14.8,-12.1,26.9,615,431,20,34.4,1311,1175,5715,24,155,147,254,107,146,-44.4,31.7,516,56,11.8,58
81,53.58,-117.01,1097,2.1,14,-12.3,26.3,600,420,20.2,33.4,1234,1049,5788,17,145,157,250,93,145,-44.1,31.4,515,55,12.2,57
82,50.89,-114.7,1371,1.9,13.3,-10.8,24.1,576,383,20.6,34.8,1192,940,5870,12,123,174,238,64,155,-44.4,32.8,566,101,12.7,51
83,51.7,-115.21,1828,0.9,12.8,-12.1,24.9,760,452,14.3,28.3,1404,847,6227,10,130,164,251,87,276,-45.5,30.9,492,10,14.3,57
84,49.39,-114.33,1370,2.8,14.6,-9.4,24.1,776,316,16.5,46.4,1039,1102,5517,21,147,162,251,89,355,-40.8,33.1,571,172,12.9,58
85,50.96,-114.9,1737,0.8,12.4,-11.8,24.2,700,377,15.3,33,1390,797,6276,8,122,178,239,61,299,-44.6,31.4,504,64,13.9,57
86,57.68,-115.71,639,-1.4,15.5,-22.4,37.9,438,274,19.7,56.5,2457,1120,7051,27,142,148,247,99,147,-45.9,34.1,490,181,11.2,58
87,49.04,-113.53,1400,3.6,15.2,-8.3,23.5,713,346,19.1,44,913,1207,5259,28,153,155,253,98,257,-39.9,34.2,597,162,14.3,57
88,49.61,-110.32,1458,2.9,16,-9.9,25.9,441,262,29.3,61.3,1158,1267,5503,39,147,153,247,94,140,-42.6,36.1,623,308,14.8,55
89,55.65,-119.27,895,1.3,14.8,-13.9,28.7,543,335,20.8,44.1,1575,1137,6083,24,153,142,253,112,176,-45.2,31.8,481,101,11.9,62
90,53.76,-117.69,1270,2.2,13.5,-10.3,23.9,615,403,19.8,33.6,1160,994,5764,14,144,158,250,92,168,-43.3,30.9,500,52,12.3,58
91,53.76,-117.2,1130,2.2,14,-11.3,25.3,604,419,20.2,33.5,1213,1062,5749,17,146,156,250,95,146,-44,31.4,515,51,12.1,57
92,52.07,-115.98,1738,-0.7,11.1,-12.8,23.9,741,432,12.6,25.6,1623,607,6786,4,115,171,239,68,324,-46.5,28.9,399,0,13.1,60
93,52.04,-115.93,1879,-0.6,11.1,-12.8,23.9,821,479,11.5,23.3,1611,617,6758,5,116,171,239,68,360,-46.5,29,403,0,13.2,60
94,49.64,-110.3,1398,2.9,16,-9.9,25.9,432,257,29.9,62.4,1158,1267,5504,39,147,153,247,94,136,-42.6,36.1,622,314,14.4,55
95,58.65,-117.47,782,-3,14,-23,37,449,277,15.5,50.5,2780,890,7649,13,127,157,238,81,172,-49.4,32.2,402,126,11.3,58
96,51.03,-114.77,1403,2.2,13.6,-10.6,24.2,564,339,21.6,40.2,1147,993,5755,14,131,168,241,73,172,-43.5,32.9,567,144,13.1,53
97,51.48,-115.17,1744,0.9,12.6,-11.8,24.3,673,394,16.2,31.8,1380,827,6217,9,127,169,245,76,250,-45.1,31,506,35,13.6,57
98,51.46,-114.73,1388,2.3,13.7,-10.4,24.1,534,358,23.1,38.4,1129,1020,5703,15,134,165,243,78,133,-43.8,32.8,563,137,13.5,53
99,56.92,-115.78,777,-1.2,14.8,-21.4,36.1,463,295,18.9,50.1,2318,1033,6995,20,135,154,242,88,152,-45.7,33.4,496,163,11.6,56
100,56.87,-116.1,749,-1,14.9,-21,35.9,456,289,19.7,51.5,2274,1060,6911,21,136,153,242,89,148,-45.9,33.6,507,178,11.5,55
101,54.59,-117.15,813,2,15.1,-13.6,28.7,597,401,20.1,37.7,1445,1219,5827,28,154,146,253,107,157,-45.7,32.4,526,79,12,57
102,55.91,-116.56,723,0.7,15.2,-17.5,32.8,501,324,21.3,47,1840,1178,6312,27,144,149,246,97,146,-45.8,33.6,532,165,11.8,55
103,55.06,-128.25,152,5.5,16.6,-6.9,23.4,738,221,20.9,74.8,674,1492,4596,55,198,137,274,137,210,-34.3,34.3,578,304,9.9,67
104,50.91,-120.08,1402,2.7,13.5,-8.3,21.8,650,259,19.6,52,983,994,5552,15,158,151,259,108,299,-38.2,31.8,503,178,12.6,66
105,55.58,-123.58,732,1.5,14,-12.9,26.9,624,256,18.4,54.5,1393,1009,6021,16,145,165,248,83,297,-42.6,32,500,211,11,62
106,54.96,-127.3,427,3.8,14.7,-8.9,23.7,552,241,25,61.2,885,1204,5163,26,172,146,261,116,190,-38.3,33.2,527,239,10.2,64
107,50.35,-118.03,700,6.2,17.4,-5,22.4,792,273,20.5,63.9,548,1671,4354,81,199,137,273,136,237,-31.2,35.6,677,283,10.9,66
108,49.25,-115.7,1400,3.5,14.9,-7.7,22.7,761,255,17.8,58.4,877,1148,5287,26,160,154,257,103,354,-37.9,33.9,556,218,12.5,64
109,49.58,-115.83,989,5,17.1,-7.8,24.9,468,196,32,87.4,785,1523,4786,66,171,145,257,112,162,-37.6,36.6,686,401,12.6,59
110,51.5,-117,1400,1.4,13.1,-10.8,23.9,906,313,12.5,41.9,1281,889,6046,11,134,165,246,81,510,-42.9,31.9,512,134,14.2,61
111,52.16,-124.18,1370,1.1,11.4,-9.5,20.9,477,218,23.2,52.2,1179,676,6160,6,102,183,232,49,220,-44.4,31.1,520,249,12.2,53
112,49.1,-115.93,1300,3.8,15,-7.3,22.4,896,274,15.4,54.9,824,1191,5178,28,156,159,255,96,411,-37,34.6,592,230,12.7,61
113,50.46,-118.95,1082,4.6,15.9,-6.7,22.6,750,281,19.5,56.8,753,1335,4896,42,178,143,270,128,288,-35.3,35,567,215,11.8,65
114,51.21,-119.75,1650,2.1,13,-8.5,21.5,816,281,14.8,46.4,1069,881,5802,11,152,156,261,105,437,-38.5,30.6,463,132,12.1,69
115,54.81,-128.28,200,5.6,16.3,-6,22.3,985,229,15.8,71,607,1465,4537,51,204,137,278,141,303,-32.5,33.8,561,275,9.9,70
116,56.91,-125.05,680,0.3,13.8,-16.2,29.9,444,221,23.3,62.4,1711,954,6428,14,138,163,245,81,195,-45.5,31.9,481,226,10.4,60
117,52.47,-123.79,1400,0.9,11.5,-10.3,21.7,469,217,23.3,52.9,1251,692,6218,6,106,181,233,52,219,-45.5,31.1,515,253,12,53
118,53.38,-132.03,50,7.2,14.1,1.3,12.8,1884,403,9.1,35,180,1318,3955,25,268,119,300,181,159,-19.5,31.3,475,43,10.4,78
119,51.31,-120.32,1350,2.3,12.7,-8.7,21.4,590,260,20.8,48.9,1018,874,5731,10,136,169,248,79,258,-40.2,31.4,530,206,12.5,60
120,49.81,-119.98,1280,3.8,14.5,-6.6,21.1,670,199,20.6,72.7,790,1119,5170,23,169,152,263,112,313,-35.3,32.9,540,277,12.7,67
121,51.68,-119.58,1000,4,15.6,-8,23.7,889,348,15.8,44.9,860,1305,5099,35,170,148,262,114,351,-36.8,33.6,561,143,11.7,65
122,55.41,-120.75,1050,1.5,13.7,-11.4,25.1,624,331,18.3,41.3,1368,995,6017,15,147,158,253,95,242,-43.4,31.4,481,111,11.9,62
123,50.2,-118.46,1400,3.3,14.2,-7.3,21.4,798,320,16.6,44.3,888,1084,5367,19,158,158,262,105,336,-37,32.8,535,149,12.6,65
124,50.56,-120.33,1100,4,15.1,-7.6,22.7,393,180,35.6,84,836,1217,5105,29,165,148,258,110,138,-38.5,34,572,340,12.3,61
125,53.01,-121.11,1030,3.2,13.8,-8.7,22.5,827,371,16,37.3,920,1090,5389,18,155,158,256,98,314,-38.5,32.4,531,105,11.4,62
126,53.25,-125.2,1240,1.2,11.6,-9.8,21.4,581,229,19.2,50.6,1191,713,6125,6,118,179,239,61,283,-43.4,30.6,493,216,11.4,58
127,50.83,-116.5,1440,1.5,13.1,-10.6,23.7,827,296,13.9,44.4,1246,893,6001,11,136,165,247,82,449,-42.2,31.8,518,156,13.6,62
128,49.63,-118.63,1670,1.7,12.4,-8,20.5,960,336,12.2,37.1,1075,771,5945,8,140,166,253,87,529,-38.1,30.4,476,93,12.3,67
129,51,-122.05,1550,1.8,11.8,-8.2,20,626,219,18.8,53.9,1042,749,5915,7,134,171,251,80,331,-38.5,30.5,484,206,13.7,64
130,51.15,-122.18,1350,2.6,12.8,-7.5,20.3,584,201,21.5,63.7,940,888,5621,11,144,165,254,89,284,-37.9,31.5,512,250,13.2,63
131,55.48,-127.9,490,3.3,14.2,-9,23.2,667,303,20,46.9,932,1102,5347,20,166,152,261,108,233,-38.3,32,500,167,10.3,65
132,54.65,-127.35,1050,1.4,11.7,-9.6,21.3,710,240,16.1,48.7,1126,731,6026,7,140,166,253,86,383,-40,29.7,440,157,11.5,66
133,54.81,-127.7,925,1.7,11.9,-9.4,21.3,795,255,14.7,46.6,1068,753,5929,7,139,168,250,82,410,-40.2,30,447,151,10.5,65
134,54.76,-127,800,2.4,13.1,-9.6,22.7,514,212,24.2,61.7,1039,932,5667,12,147,164,252,88,221,-40.2,31.6,495,240,10.4,63
135,49.26,-120.76,1650,1.9,11.6,-7.1,18.7,1096,227,10.9,51.2,953,708,5859,6,134,175,253,78,675,-36.4,30.4,483,183,13.2,66
136,51.07,-118.83,1250,3.4,14.8,-7.8,22.5,1301,380,10.3,38.8,912,1159,5317,25,172,143,267,124,643,-36.1,32.3,504,88,11.1,70
137,54.31,-123.18,800,2.6,14.6,-11.3,25.9,689,269,18.4,54.2,1160,1126,5592,23,157,150,255,105,312,-41.5,32.9,524,210,11.2,62
138,51.48,-120.35,1270,2.4,13.4,-8.8,22.2,587,259,21.2,51.6,1025,940,5663,13,137,173,250,77,254,-40.9,32,546,224,12,58
139,49.4,-115.95,1500,2.9,14.5,-8.4,22.9,711,242,18.1,60,984,1065,5517,21,156,155,258,103,353,-38.6,32.7,521,202,12.8,66
140,49.71,-118.03,1750,1.9,12.7,-7.8,20.4,1132,289,10.5,43.9,1040,824,5865,9,149,158,259,101,676,-37.4,30.6,451,95,13.9,69
141,49.36,-116.66,1700,2.2,13.4,-7.8,21.2,1298,350,9.4,38.2,1031,912,5749,13,158,150,260,110,757,-37.1,31.1,456,73,13.5,72
142,57.5,-130.33,800,0.1,12.3,-13.7,26,592,242,17.1,50.8,1545,743,6510,7,126,176,245,70,304,-44.6,30.2,447,198,10.2,61
143,57.12,-130.36,700,1.2,12.2,-11.4,23.6,808,288,13.9,42.5,1274,786,6114,8,139,169,253,83,407,-42.2,29.4,446,159,10.6,64
144,54.81,-128.75,325,5.1,15.1,-5.7,20.8,1084,283,13.9,53.4,612,1290,4722,32,195,144,273,129,383,-32.6,33.1,540,222,9.3,69
145,53.86,-122.03,900,2.6,13.8,-10.1,23.9,1005,365,12.5,37.7,1078,1048,5614,16,148,162,251,88,466,-40.4,32.3,529,127,11.3,62
146,49.21,-117.53,1100,5.9,17.3,-5.5,22.8,878,280,18.1,61.9,595,1616,4472,79,197,135,276,141,291,-32.1,36.1,642,242,11.7,67
147,49.26,-117.98,1370,4.5,16,-6.3,22.3,931,282,15.6,56.7,741,1294,4939,41,181,141,272,131,394,-34.3,33.8,541,178,12.2,69
148,50.48,-115.68,1000,3.6,15.7,-9.5,25.2,420,203,32.3,77.3,998,1297,5259,36,150,157,248,91,152,-41.1,35.5,630,374,12.3,55
149,49.5,-120.95,1100,4.2,14.5,-6.2,20.7,1078,234,13.2,62.1,723,1155,5028,24,164,159,259,101,511,-34.7,34.2,614,259,11.8,63
150,53.53,-123.05,765,3.3,15,-10,25,587,258,22.6,58.1,1024,1175,5370,26,158,154,254,100,228,-41.2,33.2,551,242,11.3,60
151,52.08,-121.05,1460,1.6,12.2,-9,21.2,967,376,12,32.4,1116,772,5984,8,130,172,246,74,494,-40.5,30.9,493,74,12.4,62
152,53.06,-121.45,1300,2.1,12.5,-8.5,21.1,959,405,12.6,30.9,1032,837,5799,9,141,168,252,84,435,-39.1,30.8,482,32,11.9,64
153,49.31,-116.26,1820,1.7,13,-8.7,21.7,790,286,14.8,45.6,1114,847,5936,11,147,161,260,99,433,-38.7,30.5,455,104,14,70
154,49.61,-115.28,1100,3.8,15.6,-8.4,23.9,755,310,18.3,50.2,891,1267,5168,33,159,152,253,101,300,-38.9,34.7,599,209,12.7,60
155,49.88,-119.7,1140,5.4,16.2,-5.2,21.5,573,183,26.9,88.5,606,1425,4612,51,196,134,276,142,200,-32.4,33.9,584,311,13.1,69
156,52.86,-119.28,850,3.5,15.2,-9.3,24.5,562,227,24.1,66.8,979,1255,5271,30,162,153,257,104,228,-39.5,33.8,566,284,11.8,62
157,52.76,-119.16,900,3.1,14.7,-9.6,24.3,645,249,20.3,58.8,1034,1159,5441,23,157,156,255,100,284,-39.8,33,545,238,10.2,62
158,56.92,-121.4,815,0.5,14.6,-15.6,30.2,480,306,21.8,47.5,1764,1053,6377,20,143,158,245,87,147,-46.6,32.3,490,140,11.3,59
159,51,-122.68,1530,1.8,11.6,-7.8,19.4,969,231,12.1,50.2,1028,730,5915,7,138,167,254,87,576,-37.8,29.9,471,172,13.7,66
160,51.13,-122.58,1860,-0.3,9.2,-9.4,18.7,1009,261,9.6,35.4,1343,443,6672,3,108,177,244,67,689,-40.3,27.5,376,101,13.3,67
161,59.93,-129.1,880,-2.1,13.1,-19.4,32.5,488,244,16.2,53.7,2334,791,7309,9,122,169,241,72,241,-50.4,31.1,377,145,9.9,58
162,58.6,-122.71,482,-0.7,15.8,-20.4,36.2,502,308,18.5,51.3,2284,1173,6815,32,144,153,247,94,166,-47.6,34.1,488,141,10.7,60
163,55.61,-126.05,750,2.1,14,-11.8,25.7,575,242,21.1,57.6,1210,1015,5780,16,148,162,251,89,255,-41.1,32.3,507,223,10.5,63
164,49.44,-119.1,800,5.5,16.8,-6.2,23,444,178,35,94.4,656,1511,4582,63,171,151,258,106,141,-35,37.3,727,461,11.4,58
165,49.56,-118.88,1300,3.3,14.3,-7.5,21.8,654,254,20.3,56.4,890,1061,5365,20,148,164,254,90,287,-37.4,33.9,577,250,12.2,61
166,53.26,-122,1220,1.8,12.3,-9.3,21.5,905,391,13,31.4,1094,807,5901,9,144,163,255,92,415,-39.7,29.9,459,38,11.7,66
167,53.2,-122.66,800,3.4,14.9,-9.8,24.7,598,280,22.4,53.4,993,1182,5325,26,158,155,256,100,222,-40.1,33.3,554,225,11.6,60
168,55.9,-126.46,1000,0.7,12.2,-12.6,24.9,644,289,16.6,42.4,1407,769,6291,8,130,166,242,76,304,-43.3,30.7,469,146,11,62
169,51.58,-119.73,500,5.9,18.1,-7.2,25.3,499,217,32,83.2,697,1739,4481,102,187,138,266,128,149,-35,36.9,696,395,9.3,61
170,49.16,-117.8,950,6.7,18.2,-4.7,22.9,808,261,20.6,69.6,512,1716,4220,108,210,128,278,151,227,-30.5,36.7,676,285,11.9,68
171,59.53,-123.68,480,-1.2,15.7,-20,35.8,534,348,16.4,45.2,2388,1119,7001,29,137,161,247,86,169,-49.6,33.5,475,91,10.4,58
172,49.78,-120.4,1585,2,12.2,-7.8,20,700,222,17.2,55.1,995,788,5811,8,141,168,254,86,383,-38,31.1,495,210,13.5,66
173,49.61,-116.01,960,5,17.1,-7.9,25,504,200,29.7,85.4,792,1520,4798,65,171,145,258,113,185,-37.8,36.5,682,385,10.6,59
174,49.53,-120.01,1910,1,11.1,-7.9,19,610,220,18,50.5,1124,616,6187,5,126,176,249,73,348,-38.4,29.6,416,171,12.7,67
175,51.05,-120.56,1610,1.1,10.9,-9.5,20.4,538,252,20.6,43.3,1167,657,6167,5,123,172,243,71,255,-41.5,29.7,479,163,12.2,61
176,50.58,-120.53,1325,2.8,13.5,-8.1,21.5,419,183,30.5,73.7,952,971,5535,14,150,160,255,95,176,-39.1,32.1,525,288,12.6,62
177,49.73,-121.01,1000,4.3,14.7,-6.4,21.1,1104,222,13,66.1,716,1184,4980,26,162,158,255,97,521,-35.7,34.3,629,281,12.1,61
178,49.2,-124.4,750,6,14.4,-0.8,15.2,2291,288,7,50,318,1213,4393,24,230,131,289,157,505,-23.4,31.9,524,139,11.6,76
179,51.51,-123.3,1560,0.9,10.7,-9,19.6,789,215,13.9,49.5,1156,614,6211,5,114,179,247,68,476,-42.4,29.7,479,203,12.5,58
180,56.38,-122.88,1375,-0.7,11.4,-13.3,24.7,669,353,13.8,32.2,1698,646,6821,5,121,170,241,72,313,-44.8,29.1,377,31,11.4,63
181,55.91,-122.45,1000,0.7,12.8,-12.6,25.4,888,349,12,36.7,1484,866,6306,10,141,162,248,85,457,-43.5,30.6,453,75,11,64
182,49.95,-119.28,1360,3.4,14.1,-7.2,21.2,724,288,18.6,48.9,852,1071,5296,19,157,158,260,102,298,-37,33.1,549,183,12.9,63
183,50,-115.8,920,5.1,17.4,-8,25.5,432,187,34.9,93,802,1568,4761,74,165,149,255,106,144,-38.5,37.2,711,439,12.5,56
184,49.05,-116.03,1100,4.6,15.8,-6.8,22.6,785,255,18.6,62,726,1346,4886,39,167,151,257,106,310,-36.1,35.6,654,279,12,61
185,51.61,-119.98,710,5,16.7,-7.6,24.3,566,242,26.5,68.9,776,1468,4779,58,174,146,262,116,190,-36.4,35.7,657,324,10.4,61
186,53.78,-121.75,750,3.3,14.6,-9.8,24.4,963,384,13.8,38.1,999,1180,5367,24,158,156,254,98,397,-40.1,33.1,547,133,10.9,61
187,51.16,-117.1,1890,0.2,11.4,-11,22.4,1395,318,7.3,35.8,1405,660,6481,5,123,174,244,70,990,-43.3,29.9,411,86,12.5,64
188,49.05,-115.28,850,5.9,17.7,-6.6,24.3,455,202,34.8,87.9,646,1654,4486,84,174,146,256,110,129,-35.5,37.8,747,464,12.2,57
189,49.38,-115.68,1975,0.9,12.5,-9.3,21.8,884,292,12.3,42.7,1245,738,6232,8,139,165,256,91,546,-40,29.7,386,93,13.6,71
190,50.5,-122.73,650,5.5,15.6,-5.1,20.6,877,201,17.6,77.3,578,1389,4587,41,188,144,269,126,316,-32.9,34.7,630,324,12,64
191,50.26,-122.85,400,6.9,17,-3.3,20.3,1204,243,14,70.1,417,1656,4103,76,215,131,277,146,314,-29,36,674,294,10.7,66
192,56.45,-125.65,1300,-0.8,10.9,-14.1,25,645,282,14.2,38.6,1685,583,6856,4,113,172,238,66,351,-45.1,29.2,390,103,11.3,62
193,50.7,-119.12,800,5.8,17.1,-5.9,23,655,251,24.1,67.9,633,1577,4497,75,194,134,272,137,213,-33.1,36.1,645,292,12.1,66
194,50.7,-119.18,777,5.8,17.1,-5.9,23,647,244,24.4,70.1,629,1568,4498,73,194,135,270,135,211,-33.1,35.7,645,298,11.1,65
195,56.06,-120.28,700,1.1,15.2,-14.8,29.9,492,300,22.6,50.6,1683,1183,6133,27,149,151,250,99,158,-47.1,33.3,523,184,11.6,57
196,55.33,-121.93,775,1.8,14.1,-11.5,25.7,857,314,13.8,45,1315,1039,5892,17,149,163,252,89,438,-43.1,32.1,501,153,10.9,62
197,54.91,-121.23,920,1.5,13.5,-11.5,24.9,783,331,14.7,40.6,1322,946,6006,13,142,167,250,82,357,-43.1,31.4,492,123,11.2,62
198,53.63,-124.14,1230,1.2,12.2,-11.4,23.6,605,275,18.5,44.5,1273,787,6130,8,133,177,251,73,277,-42.7,30.3,475,162,11.5,63
199,53.61,-124.2,1166,1.4,12.4,-11.3,23.8,585,263,19.4,47.3,1244,820,6054,9,134,175,249,74,264,-42.8,30.8,487,183,11.4,62
200,54.7,-124.71,750,2.4,14.4,-11.6,25.9,547,217,22.6,66.3,1191,1074,5690,20,154,157,256,99,247,-41.6,32.3,509,246,11,62
201,51.83,-121.38,910,3.9,14.9,-8.6,23.5,451,219,30.8,68.2,880,1219,5141,28,153,159,250,90,153,-39.8,34.3,608,336,11.9,56
202,49.43,-115.52,915,5.1,17.1,-7.4,24.5,500,223,30.2,76.5,751,1527,4738,65,171,146,257,112,159,-37.2,36.6,692,375,12.7,59
203,50,-121.08,900,4.7,15.2,-6.1,21.3,624,133,23.6,114.1,687,1278,4848,33,168,153,258,105,274,-36.1,34.8,638,390,12.2,60
204,53.83,-132.1,60,7.3,14.3,1.4,12.9,1578,391,11,36.6,172,1364,3888,27,271,118,301,183,119,-19.4,31.6,476,45,10.2,78
205,50.63,-126.91,150,8.5,14.9,2.9,12,1692,367,10.9,40.7,119,1620,3466,40,297,98,309,212,76,-16.2,32.5,553,75,10.7,77
206,51.03,-120.31,1330,2.9,13.2,-8.3,21.5,538,239,23.9,55,961,1011,5497,15,153,153,254,100,220,-38.7,31.8,532,233,12.3,63
207,51.15,-120.18,850,4.9,16.2,-7.4,23.6,505,223,29.5,72.5,755,1424,4795,50,172,148,260,112,166,-36.6,35.5,659,352,11.8,60
208,55.28,-129.15,300,5.2,14.9,-5.7,20.5,1165,314,13,47.4,610,1320,4674,33,197,141,275,135,400,-33,32.9,532,189,10.2,69
209,52.16,-121.65,1052,3.2,14,-8.7,22.7,569,270,23.2,51.7,931,1074,5380,18,148,161,249,89,209,-40.1,33.2,566,238,11.8,58
210,52.23,-123.95,1040,2.2,13.4,-10.4,23.8,357,178,34,75.1,1153,963,5760,14,119,175,237,61,135,-45.6,33.8,590,366,11.6,50
211,51.7,-122.61,1240,2.4,13.3,-9.1,22.4,526,212,23.6,62.6,1043,949,5664,13,139,165,251,86,228,-41,32.5,541,262,12.4,59
212,49.41,-124.65,100,8.9,16.9,1.8,15,1367,207,13.8,81.6,147,1839,3387,81,277,113,299,186,92,-18.8,34.8,666,277,11.7,72
213,49.56,-119.05,890,5.1,16.4,-6.8,23.2,504,212,29.9,77.3,714,1424,4746,52,166,154,257,102,167,-35.5,36.7,704,397,11.2,59
214,50.35,-119.05,1600,2,13.1,-8.7,21.8,922,287,13,45.6,1081,868,5825,11,148,158,258,100,524,-40,30.7,477,121,13.7,66
215,49.23,-124.66,500,7,15.3,-0.1,15.5,2536,332,6.7,46.2,255,1420,4047,38,245,128,292,164,396,-21.9,33.2,583,140,11.9,75
216,49.3,-124.51,100,8.8,16.7,1.8,14.9,1266,206,14.8,80.9,151,1804,3427,75,277,112,300,188,87,-18.8,34.4,649,263,11.4,73
217,49.3,-117.91,1560,3.5,14.8,-7.1,21.9,949,294,14.2,50.4,858,1095,5298,24,169,148,269,121,456,-35.7,32.3,497,130,12.8,69
218,54.43,-128.58,180,6.1,16,-4.2,20.1,1459,323,11,49.4,463,1458,4358,48,220,130,285,155,404,-29.3,33.7,529,166,10.5,73
219,52.33,-122.41,912,3.7,15,-9.2,24.2,471,225,29,66.7,936,1216,5218,28,155,156,253,97,166,-40.5,34.2,585,309,12,58
220,51.35,-121.38,1080,3.3,14.3,-8.6,22.9,422,212,31.4,67.5,935,1089,5368,20,143,164,245,81,148,-40,33.6,589,326,12,57
221,49.9,-118.2,560,6.9,18,-4.4,22.4,680,263,24.8,68.4,475,1795,4142,105,206,134,272,138,158,-30.2,37.1,712,323,10.7,64
222,57.18,-122.65,1165,-0.3,12.5,-14,26.4,593,395,16.3,31.5,1694,756,6675,7,124,170,241,71,201,-45.3,30.1,440,17,11.4,61
223,51.5,-117.16,900,3.5,15.7,-9.8,25.5,605,224,22.4,70.1,1007,1290,5283,35,158,153,255,102,280,-40,34.4,592,313,12,60
224,50.06,-115.85,1650,2.1,13.6,-9.2,22.7,706,263,17.2,51.5,1094,954,5769,14,140,167,252,85,357,-40.6,32.3,530,191,13.2,62
225,49.11,-117.58,1000,6.4,17.9,-5.1,23,793,264,20.6,67.7,550,1660,4321,98,202,133,276,144,240,-31.3,36.8,681,289,12.4,66
226,49.47,-117.85,1780,2.2,13.4,-7.8,21.2,1107,309,11,43.3,1012,873,5745,12,154,158,264,106,629,-37,30.9,455,85,12.4,70
227,49.61,-120.43,1290,3.5,13.8,-6.9,20.7,560,182,24.1,76.1,818,1046,5280,18,154,163,255,93,259,-36.7,33.5,567,318,12.7,62
228,50.86,-123.38,1150,2.3,12.4,-7.9,20.2,1025,209,12,59.1,967,847,5699,10,142,166,254,88,573,-38.9,31.1,509,230,13.4,63
229,52.88,-125.66,1050,1.9,12.6,-9.9,22.5,585,203,20.3,62,1115,845,5869,10,126,175,241,65,286,-43.4,31.9,527,273,11.2,56
230,55.38,-124.71,1205,-0.4,11.1,-13.1,24.3,779,297,12.3,37.5,1584,609,6710,5,115,172,234,62,446,-44.8,29.4,443,99,10.9,63
231,52.76,-122.13,690,4.4,16,-8.8,24.9,527,258,27.4,62.2,862,1382,4965,44,169,147,260,113,170,-38.9,34.7,627,292,11.1,60
232,49.8,-120.7,985,4.2,14.6,-6.6,21.1,614,143,23.2,102,745,1178,5023,25,155,161,252,90,293,-37.2,34.8,646,395,11.9,58
233,55.06,-126.28,740,2.4,13.5,-10.5,24,571,230,21.7,58.7,1092,978,5675,14,150,160,251,91,252,-40.4,32,500,226,10.5,63
234,53.31,-122.5,700,3.8,15.3,-9.4,24.7,606,285,22.8,53.8,932,1260,5163,32,163,151,256,105,211,-39.7,33.9,574,237,11.3,60
235,51.55,-117.2,1200,2.5,14.4,-10.3,24.7,816,277,15.3,52.1,1129,1083,5650,20,147,159,251,91,427,-41.3,33.2,551,207,12.5,61
236,51.61,-123.1,1300,1.9,12.4,-9.4,21.9,588,200,20.2,61.9,1096,833,5868,9,122,175,245,70,302,-44.2,31.9,541,286,12.2,54
237,55.5,-123.79,1320,-0.6,11,-12.4,23.4,1074,330,8.8,33.3,1603,598,6769,4,123,174,245,71,701,-44.5,28.3,366,51,11.8,66
238,49.58,-120.38,1000,4.5,15,-6.7,21.8,475,167,30.4,89.8,730,1242,4942,31,161,160,256,96,190,-36.4,35.3,657,406,11.7,59
239,50.85,-120.4,1120,4.1,14.8,-7.7,22.4,447,205,31.6,72.2,828,1245,5066,30,167,146,260,114,155,-37.5,33.6,576,313,12.5,62
240,56.21,-122.1,830,1.1,14.2,-13.6,27.8,551,289,20.2,49.1,1537,1047,6130,18,147,157,250,93,212,-44.6,32,490,154,11.5,61
241,53.1,-122.76,810,3.3,14.9,-9.8,24.7,569,277,23.4,53.8,1011,1174,5356,26,157,156,255,100,209,-40.7,33.1,551,228,11.6,60
242,52.85,-122.61,890,3.2,14.7,-9.6,24.3,573,278,23.1,52.8,1005,1152,5376,24,154,157,254,97,210,-40.6,33.1,555,226,11.7,60
243,53.95,-124.6,750,2.6,14.2,-11.1,25.3,518,239,24.2,59.4,1137,1074,5620,19,145,164,250,86,208,-42.7,33.3,548,265,11.1,57
244,50.95,-122.3,1000,4,14.8,-7.6,22.5,577,178,24.3,83.3,824,1208,5089,28,165,153,260,107,255,-36.8,34,606,337,12.1,63
245,56.08,-124.31,750,1,13.7,-13.9,27.6,519,244,21.2,56.2,1484,938,6184,14,141,162,245,83,228,-43.2,32,485,200,11,62
246,49.48,-119.31,1400,2.9,13.7,-7.7,21.4,675,254,19.1,53.8,924,981,5496,15,142,169,249,80,315,-38.1,33.2,563,236,12.3,61
247,53.83,-126.55,898,2.1,12.8,-9.9,22.7,522,200,23.1,63.9,1096,885,5796,11,142,168,250,82,243,-40.6,31.7,498,251,11,62
248,53.27,-124.5,1200,1.2,12.1,-10.6,22.7,573,250,19.6,48.2,1233,767,6109,8,121,182,242,61,265,-44.5,31,503,208,11.9,56
249,54.89,-125.21,750,2.2,13.9,-11.3,25.1,541,212,22.5,65.4,1180,1006,5754,16,151,162,255,94,252,-41.5,31.8,493,236,10.8,63
250,54.07,-127.24,835,2.3,12.9,-9.2,22.1,602,199,20.4,64.7,1055,908,5729,12,141,171,252,81,301,-39.9,32.1,506,262,11,62
251,50.01,-120.11,1450,2.7,13.1,-7.5,20.7,682,199,18.6,65.9,930,912,5580,12,148,163,256,93,366,-37.6,32,519,259,12.6,65
252,49.66,-120.55,1450,2.8,13,-6.9,19.8,623,192,20.6,67.7,879,899,5533,12,148,166,256,90,317,-36.7,32.1,522,262,13.8,65
253,53.2,-123.35,1200,1.3,12.7,-10.8,23.6,593,277,19.1,45.9,1260,829,6062,9,131,172,244,71,265,-43.3,30.9,491,165,11.4,61
254,55.02,-124.23,1000,0.5,12.6,-13,25.6,781,281,13.4,44.9,1497,799,6377,9,130,171,244,72,437,-44.3,30.9,472,143,11.1,62
255,49.1,-120.37,1950,0.9,10.5,-7.1,17.6,948,223,11.5,46.9,1072,549,6216,4,118,182,251,69,624,-37.5,29.1,407,160,13.9,66
256,53.35,-125.64,960,2.2,13.2,-10,23.1,537,203,22.8,64.7,1081,923,5732,12,143,168,252,84,242,-41.4,31.7,505,254,11.2,60
257,53.21,-124.39,1225,1.2,12,-10.7,22.7,552,246,20.2,48.6,1231,751,6124,7,119,183,240,57,253,-44.8,31,503,212,11.5,55
258,49.29,-114.9,1200,3,14.6,-8.6,23.2,814,325,15.9,45,990,1097,5474,21,150,157,251,94,365,-39.7,33.4,567,158,12.2,61
259,52.58,-125.53,1210,1.2,11.5,-10,21.5,658,200,17,57.6,1187,712,6114,6,110,180,233,53,363,-45,30.9,517,261,11.8,53
260,51.33,-122.55,1620,0.9,11.2,-9.5,20.7,880,226,12.4,49.5,1217,661,6231,5,130,168,252,84,552,-39.9,29.5,457,166,12.3,67
261,52.35,-122.95,1230,1.7,12.7,-10.5,23.2,482,240,24.3,53.2,1183,860,5926,10,124,174,239,66,198,-44.7,32.1,536,247,12,55
262,50.18,-119.67,1655,3.1,13.6,-7.2,20.8,796,235,16.5,57.9,876,987,5420,15,158,156,263,107,396,-37.1,31.9,507,211,14.1,66
263,53.82,-123.12,713,3.4,15.1,-10.3,25.4,617,262,21.7,57.9,1027,1215,5330,29,161,150,256,106,244,-41,33.5,551,237,11.2,60
264,53.59,-124.85,950,2.2,13.3,-10.4,23.8,521,228,23.4,58.4,1120,940,5759,13,140,172,251,79,220,-42.1,31.9,514,246,11.3,59
265,54.75,-124.12,850,1.4,13.6,-12.5,26.1,652,244,17.5,55.6,1369,953,6033,14,140,166,249,82,331,-43.2,32.2,502,206,11,61
266,49.5,-120.65,790,5.5,16.3,-6.5,22.8,610,175,25.4,93.2,662,1478,4604,55,172,154,258,105,236,-35.7,36.9,708,418,10.8,58
267,52.68,-122.26,1360,2.2,12.9,-8.8,21.7,592,294,20.6,43.8,1050,884,5762,11,149,159,257,98,236,-40.1,30.4,469,127,12.5,64
268,54.76,-126.88,880,2.2,12.8,-9.7,22.5,565,221,21.6,58,1069,891,5759,11,143,167,251,84,257,-40.4,31.3,488,225,10.7,63
269,54.79,-123.81,900,1.2,13.5,-12.6,26.1,726,251,15.4,53.8,1405,933,6105,13,141,167,251,84,393,-43.3,32,488,187,11,62
270,52.91,-119.3,1500,1.6,13,-10.4,23.4,870,344,13.4,37.9,1212,898,5955,11,141,162,250,88,435,-41.6,30.9,488,98,11.9,63
271,49.43,-114.78,1750,1,12.4,-9.8,22.2,1008,363,10.9,34.2,1249,770,6172,8,137,166,248,82,574,-41.4,30,468,63,13.8,67
272,51.92,-123.43,1098,2.5,13.4,-9.8,23.3,420,192,29.6,70.1,1070,976,5658,14,127,172,242,71,169,-44.1,33.4,579,339,12.1,53
273,51.69,-120.06,930,4.3,15.8,-7.9,23.7,599,262,24,60.4,834,1334,4993,41,167,150,260,109,210,-37.3,34.9,601,273,12,61
274,49.72,-118.93,1800,1.3,12.1,-8.4,20.5,853,299,13.3,40.5,1126,730,6065,7,131,172,251,78,487,-38.6,30.9,437,118,13,66
275,49.88,-118.92,1725,1.5,12.3,-8.3,20.6,974,390,11.8,31.4,1101,753,5997,8,132,173,251,78,503,-38.6,31.4,494,67,12.1,65
276,56.05,-124.59,850,0.5,13.1,-14.1,27.2,523,245,20.1,53.3,1543,853,6350,10,134,166,243,77,241,-44.2,31.3,477,191,10.4,62
277,54.59,-123.17,778,2.2,14.3,-11.8,26.1,748,269,16.3,53.2,1244,1073,5748,20,153,154,253,98,369,-41.8,32.7,514,198,11.1,62
278,50.3,-120.89,1435,2.4,13,-7.8,20.7,407,162,30.5,79.9,975,879,5674,11,140,168,251,83,190,-39.8,31.8,521,306,12.9,61
279,50.35,-120.65,1590,1.7,12.2,-8,20.2,458,203,25.6,60,1061,761,5928,8,131,172,248,76,216,-40.9,30.8,495,237,12.9,60
280,56.06,-124.56,1310,-0.8,10.6,-13.3,23.9,649,274,14.1,38.9,1637,557,6851,4,113,173,237,63,365,-44.9,28.7,377,96,10.7,62
281,51.79,-120.53,1242,2.5,13.2,-8.7,21.9,642,295,19.5,44.7,1012,944,5637,13,137,169,247,78,265,-40.1,32.6,551,193,11.9,59
282,,,,,,,,,,,,,,,,,,,,,,,,,,
283,,,,,,,,,,,,,,,,,,,,,,,,,,
284,,,,,,,,,,,,,,,,,,,,,,,,,,
285,,,,,,,,,,,,,,,,,,,,,,,,,,
286,,,,,,,,,,,,,,,,,,,,,,,,,,
287,,,,,,,,,,,,,,,,,,,,,,,,,,
288,,,,,,,,,,,,,,,,,,,,,,,,,,
289,,,,,,,,,,,,,,,,,,,,,,,,,,
290,,,,,,,,,,,,,,,,,,,,,,,,,,
291,,,,,,,,,,,,,,,,,,,,,,,,,,
292,,,,,,,,,,,,,,,,,,,,,,,,,,
293,,,,,,,,,,,,,,,,,,,,,,,,,,
294,,,,,,,,,,,,,,,,,,,,,,,,,,
295,,,,,,,,,,,,,,,,,,,,,,,,,,
296,,,,,,,,,,,,,,,,,,,,,,,,,,
297,,,,,,,,,,,,,,,,,,,,,,,,,,
298,,,,,,,,,,,,,,,,,,,,,,,,,,
299,,,,,,,,,,,,,,,,,,,,,,,,,,
300,,,,,,,,,,,,,,,,,,,,,,,,,,
301,,,,,,,,,,,,,,,,,,,,,,,,,,
302,58.73,-111.25,235,-1.9,16.4,-24.1,40.6,380,230,21.4,71.5,2700,1196,7249,40,144,148,251,103,133,-46.1,35.4,473,208,10.9,58
303,58.2,-111.38,229,-1.2,16.6,-23.4,40,394,244,22.2,68.1,2551,1255,7026,46,147,147,250,103,127,-47.1,35.5,494,216,11,57
304,59.88,-111.71,813,-3.3,13.5,-25.2,38.8,397,254,16.9,53.2,2950,964,7736,17,134,150,245,95,137,-46.9,34.4,420,153,10.6,57
305,54.8,-116.98,731,1.8,15.3,-14.5,29.8,570,383,20.7,39.9,1539,1238,5905,30,154,145,253,108,150,-46.1,32.9,528,100,11.9,57
306,54.53,-114.08,640,1.4,16,-16.2,32.2,504,348,22.7,46,1722,1305,6041,39,153,145,251,106,124,-46.3,33.6,549,158,12.2,56
307,56.98,-117.83,610,0,15.5,-19.7,35.2,428,270,23.4,57.6,2064,1199,6543,30,146,147,246,99,134,-44.7,34,522,214,11.4,57
308,55.58,-119.58,838,1.2,14.5,-14.5,29,533,326,21.1,44.5,1578,1105,6096,21,149,148,251,102,175,-46.2,32.2,494,130,11.6,58
309,54.45,-118.63,838,2.4,14.4,-10.7,25.1,621,408,20,35.3,1213,1134,5670,21,155,148,255,107,167,-43.2,31.5,506,61,11.8,59
310,54.63,-118.95,914,2.3,14.4,-11,25.3,613,389,20.1,36.9,1234,1121,5710,20,155,147,256,108,176,-43.3,31.4,498,70,11.7,60
311,53.31,-117.85,1067,2.4,14.3,-11.1,25.4,527,337,23.5,42.5,1199,1104,5691,20,143,160,249,89,147,-43.5,32.6,549,158,12,56
312,54.16,-115.3,762,2,15.7,-13.9,29.6,553,390,21.7,40.1,1504,1282,5828,35,152,147,251,105,128,-46.1,33.3,553,119,12,56
313,54.36,-114.66,610,1.7,16.1,-15.4,31.6,497,348,23.5,46.4,1664,1341,5945,42,153,145,251,105,118,-46.6,33.9,565,176,12,56
314,52.55,-115.5,1067,2.4,14.7,-11.7,26.4,601,431,20.7,34.1,1257,1166,5666,24,147,153,250,97,129,-44.7,32.9,555,69,12.4,55
315,52.91,-115.78,1067,2.4,14.7,-11.6,26.3,604,436,20.5,33.7,1259,1155,5684,23,149,151,252,100,130,-44.4,32.4,541,63,12.5,56
316,49.63,-110.23,1310,2.7,15.9,-10.4,26.4,423,253,30,63,1221,1260,5584,38,146,152,247,95,134,-43.1,36,620,317,14.6,56
317,59.53,-117.21,305,-2.3,16.1,-23.6,39.7,374,223,20.5,72.1,2800,1142,7403,33,138,148,246,98,140,-49.5,34.5,440,204,10.6,57
318,49.66,-110.25,1160,3.3,16.6,-9.8,26.4,421,254,31.6,65.3,1133,1365,5374,51,151,150,248,98,122,-42.2,36.6,643,336,14.1,55
319,55.16,-117.66,762,1.7,15.3,-14.8,30.2,518,327,22.6,46.9,1562,1237,5935,30,154,146,253,107,154,-46.1,33.2,527,154,11.9,57
320,55.68,-119.66,731,1.2,14.8,-14.9,29.8,521,318,21.5,46.6,1636,1142,6122,24,149,149,250,101,170,-46.6,32.8,508,152,11.5,57
321,55.66,-118.83,731,1.4,15.2,-14.7,29.9,478,285,23.9,53.3,1612,1206,6033,29,152,147,252,105,157,-46.4,33.1,517,185,11.7,57
322,55.41,-119.83,792,1.3,14.5,-15,29.5,533,313,21.2,46.3,1575,1115,6079,21,148,150,249,99,189,-45.6,32.3,511,164,11.7,56
323,56.05,-118.08,609,1.1,15.8,-16.9,32.7,437,274,25.4,57.5,1786,1274,6156,36,154,143,251,108,133,-45.7,34,530,214,11.7,58
324,59.75,-117.33,335,-2.7,15.8,-24.1,40,370,220,19.8,72.1,2880,1105,7528,29,136,148,245,98,143,-49.1,34.6,434,200,10.6,57
325,57.75,-115.83,701,-1.6,15.2,-22.3,37.6,443,280,19,54.4,2468,1073,7113,23,139,150,245,95,149,-46.2,33.6,483,167,11.1,58
326,53.66,-117.5,1219,1.8,13.3,-10.9,24.2,615,413,19.2,32.3,1221,960,5879,13,141,159,250,90,166,-44.2,30.8,496,46,12,57
327,54.33,-110.85,579,1.4,16.6,-17,33.5,425,296,26.9,56.1,1785,1369,6054,49,157,142,253,111,102,-45.6,34.6,551,218,12.5,58
328,54.91,-112.96,579,1.2,16.1,-17,33.1,473,325,23.6,49.4,1791,1291,6140,39,154,145,251,106,120,-46.1,33.8,538,172,12.1,57
329,51.05,-114.75,1311,2.5,13.9,-10.3,24.2,535,335,23.4,41.5,1093,1044,5632,16,134,165,242,77,145,-43.1,33.2,581,165,13.1,53
330,50.05,-114.13,1465,2.2,14.2,-10.3,24.5,619,317,19.8,44.8,1152,1030,5735,17,138,166,246,80,242,-42.7,32.8,560,162,13.5,57
331,53.46,-116.7,1035,2.3,14.6,-12,26.6,587,424,21,34.4,1268,1141,5715,22,147,155,250,96,128,-44.6,32.4,541,78,12.1,55
332,52.55,-116.08,1372,0.9,12.7,-12.1,24.8,563,399,19.3,31.9,1402,838,6236,9,128,164,245,81,153,-45.8,30.7,496,44,12.8,55
333,58.75,-117.41,366,-1.6,16,-22.2,38.2,405,250,20.8,63.9,2587,1177,7133,33,141,147,245,98,137,-49.5,34.2,498,215,10.7,56
334,58.38,-118.86,366,-1.2,16.4,-22.6,39,407,253,21.7,64.7,2490,1220,6987,38,143,147,246,100,137,-46.6,34.5,505,220,10.8,57
335,52.96,-115.53,1100,2.4,15,-11.9,26.9,601,437,20.7,34.3,1288,1212,5662,27,153,146,254,108,126,-44.7,32.4,535,65,12.5,57
336,54.3,-116.68,945,2.3,14.8,-11.9,26.7,616,437,20,33.9,1299,1175,5704,24,155,148,254,107,142,-44.3,31.7,517,57,12,58
337,49.63,-110.13,1355,2.5,15.6,-10.4,26,433,256,28.9,61.1,1231,1216,5639,33,146,152,247,95,141,-43.1,35.4,603,295,14.4,57
338,49.65,-110.01,1248,2.9,16.2,-10.2,26.4,415,247,31.1,65.6,1194,1295,5516,42,149,150,246,96,130,-42.6,36,619,323,13.8,56
339,56.9,-111.88,385,-0.3,16.4,-21.5,37.9,439,287,22,57,2265,1276,6692,43,148,149,248,99,124,-48.1,35.1,528,205,11.4,55
340,55.66,-115.01,670,0.8,15.3,-16.8,32.1,534,364,20.3,42.1,1771,1175,6241,28,150,147,252,105,140,-45.5,32.8,505,102,11.8,57
341,55.95,-118.05,610,1.1,15.8,-16.9,32.7,436,274,25.5,57.6,1784,1277,6150,36,154,143,251,108,132,-45.7,34,531,216,11.9,57
342,54.81,-112.95,680,1.3,16,-16.5,32.5,488,328,23.1,48.6,1751,1285,6105,38,154,145,251,107,132,-45.8,33.7,537,169,12.4,57
343,56.63,-110.78,366,-0.1,16.5,-21,37.6,445,290,22.3,57,2196,1291,6604,45,149,149,251,102,125,-45.7,35.1,528,199,11.5,56
344,56.46,-115.33,518,0.1,16,-20.6,36.6,456,295,22.1,54.3,2097,1240,6539,36,146,148,248,99,132,-44.9,34.7,531,196,11.5,55
345,55.25,-119.9,760,1.5,14.7,-14.3,29,516,295,22.3,49.8,1533,1144,6002,23,149,149,250,101,184,-45.9,32.4,520,178,11.6,57
346,54.13,-116.9,1067,2.5,14.3,-10.7,25,632,450,19.7,31.9,1190,1116,5658,20,154,150,254,104,144,-43.2,31.2,506,49,12.1,59
347,52.78,-114.9,1060,2.6,15.2,-11.7,26.9,557,395,22.6,38.5,1273,1240,5619,30,154,145,255,110,122,-44.6,32.8,543,98,12.8,57
348,54.02,-115.26,884,2,15.6,-13.7,29.3,558,397,21.5,39.2,1470,1250,5839,32,153,146,252,106,128,-45.7,33.1,541,100,12.5,57
349,55.85,-115.79,683,0.8,15.3,-17.1,32.5,516,344,20.9,44.6,1802,1187,6257,28,148,148,250,102,141,-45.8,33.2,518,131,11.8,56
350,56.29,-119.18,823,0.5,14.7,-16.2,30.9,468,288,22.5,50.8,1796,1099,6351,22,148,148,249,101,155,-46.7,32.3,490,163,11.4,59
351,58.73,-113.8,274,-1.5,16.3,-23.6,39.9,378,231,22.4,70.5,2591,1202,7119,38,146,145,251,105,129,-46,35.1,479,216,10.9,58
352,53.06,-117.43,1737,-0.2,11.5,-12.1,23.6,923,530,10.7,21.8,1538,671,6611,5,126,162,247,85,388,-46.5,28.6,386,0,12.7,60
353,55.39,-112.47,609,0.5,15.7,-18,33.7,468,325,22.4,48.5,1924,1208,6376,32,145,153,246,93,119,-46.6,33.6,536,172,12,55
354,56.98,-117.92,670,-0.2,15.3,-19.7,34.9,432,273,22.8,55.9,2076,1155,6607,27,144,148,246,98,137,-44.7,33.7,512,202,11.6,57
355,54.1,-119.1,1475,1.5,12.5,-9.4,21.9,652,402,17.6,31.1,1217,846,6019,9,138,161,251,90,217,-43.2,29.5,456,28,12.5,60
356,53.7,-117.81,1300,1.8,13.3,-10.3,23.6,630,404,18.8,32.9,1204,949,5875,12,143,157,252,94,186,-43.9,30.5,485,42,12.2,58
357,54.34,-115.9,800,2.1,15.1,-12.8,27.9,585,412,20.7,36.7,1391,1211,5781,27,153,147,253,106,137,-45.5,32.2,528,73,11.8,57
358,57.59,-115.22,458,-0.5,16.2,-22.1,38.3,426,270,22.3,60.2,2306,1255,6750,40,148,145,251,106,131,-45.1,35.3,511,205,11.2,56
359,55.52,-113.79,750,-0.3,14.9,-19.8,34.7,525,350,18.5,42.4,2049,1076,6648,22,141,154,246,91,152,-45.3,32.8,504,113,12,56
360,54.71,-115.73,1242,1.4,13.5,-9.7,23.2,726,518,15.7,26.1,1324,965,6039,13,148,146,258,112,186,-42.1,29.1,444,26,12.2,62
361,55.06,-113.77,581,0.9,15.9,-17.8,33.7,502,342,21.6,46.4,1846,1252,6244,35,151,148,250,103,131,-46,33.6,533,148,11.9,56
362,55.22,-112.62,520,0.6,16,-18.2,34.1,445,310,23.9,51.5,1921,1242,6339,35,148,150,248,98,112,-46.5,33.7,538,190,12,55
363,52.34,-116.02,1667,0.6,12.5,-12.3,24.8,651,410,16.2,30.4,1449,799,6341,8,128,162,244,82,227,-45.6,30.5,435,12,13.5,57
364,53.3,-116.12,1020,2.2,14.4,-11.8,26.2,604,443,20.2,32.6,1281,1118,5755,21,148,153,251,99,130,-44.9,31.9,528,61,12.1,56
365,54.47,-115.21,890,2.1,14.9,-12.2,27.2,579,410,20.9,36.4,1364,1180,5786,25,153,146,253,107,135,-45.2,31.7,516,69,12.2,58
366,54.49,-115.62,1125,2,14.3,-10.4,24.7,611,424,19.6,33.7,1269,1080,5829,19,153,143,259,115,157,-42.2,30,466,43,12.4,61
367,51.52,-115.36,1725,0.3,11.9,-12.3,24.2,716,413,14.4,28.8,1467,723,6447,6,119,173,241,68,291,-45.5,30.3,486,18,13.4,58
368,51.67,-115.33,1725,0.8,12.4,-12.1,24.5,709,423,15.2,29.4,1399,809,6261,8,126,168,243,76,259,-45.3,30.9,502,18,13.5,56
369,52.53,-116.09,1610,0.5,12.3,-12.3,24.6,623,402,16.9,30.6,1452,781,6364,8,126,164,246,82,208,-45.9,30.2,478,23,12.7,56
370,49.86,-113.95,1525,2.5,14.6,-10,24.6,632,315,19.8,46.2,1121,1078,5648,20,143,165,253,88,249,-42.3,32.9,560,162,14.1,57
371,50.27,-114.58,1690,0.3,12.3,-11.8,24.1,701,332,14.7,37.1,1467,746,6440,7,124,173,242,69,358,-44.2,30.6,440,103,12.8,61
372,58.69,-114.06,285,-1.4,16.5,-23.4,39.9,380,232,22.5,70.9,2576,1216,7090,41,147,145,251,107,129,-46.2,35.1,479,215,10.9,58
373,59.24,-118.66,545,-2.7,15.1,-24,39.2,405,245,18,61.8,2814,1026,7536,22,132,152,242,90,154,-48,33.8,431,172,10.7,57
374,58.33,-119.48,473,-1.2,15.8,-22.5,38.3,410,256,21.3,61.8,2465,1174,7010,32,142,147,247,100,138,-46.6,34.5,496,204,10.8,57
375,57.3,-118.6,915,-1.5,13.9,-20.7,34.6,461,289,18.4,48.2,2319,940,7101,14,136,153,243,90,162,-46.3,32,461,135,11.4,60
376,57.37,-117.47,671,-0.9,15,-21.1,36.1,440,277,20.7,54.3,2265,1099,6862,23,139,152,243,91,145,-45.1,33.7,508,194,11.4,56
377,56.63,-119.01,950,-0.2,14.1,-17.1,31.2,496,305,19.8,46.2,1929,1003,6615,16,143,150,246,96,171,-46.7,31.6,469,124,11.7,60
378,56.86,-117.06,575,-0.1,15.7,-20.2,35.9,419,265,23.7,59.1,2113,1210,6585,32,141,150,243,92,129,-44.9,34.8,545,241,11.5,53
379,56.19,-110.69,490,-0.2,16.1,-20.5,36.6,458,304,21.5,53,2148,1226,6617,37,147,151,249,98,127,-45.2,34.3,521,177,11.6,56
380,50.92,-114.91,2045,-0.1,11.7,-12.4,24,813,398,12.2,29.3,1525,681,6580,6,117,179,238,59,416,-45.1,30.3,425,43,13.4,59
381,54.87,-113.67,713,0.9,15.5,-16.9,32.3,526,356,20.8,43.4,1786,1210,6219,30,150,148,249,102,139,-46.2,33.1,527,125,12.2,57
382,50.37,-114.6,1613,0.8,12.7,-11.9,24.6,685,347,15.8,36.5,1386,811,6255,9,124,174,240,66,319,-44.4,31.7,511,120,12.9,57
383,55.19,-114.88,725,1.6,15,-13.8,28.8,577,413,20.2,36.3,1504,1166,5952,25,155,144,254,110,130,-45.6,31.6,488,66,11.7,60
384,56.2,-119.49,914,0.2,14.2,-16,30.2,492,302,20.7,47.1,1839,1039,6474,18,138,155,243,88,166,-47.8,32.3,504,161,11.1,56
385,55.59,-113.33,823,-0.8,14.4,-19.8,34.2,502,340,18.4,42.5,2115,998,6821,17,136,159,243,84,147,-46.4,32.4,494,116,12.1,56
386,59.86,-111.65,219,-2.9,16,-25.2,41.2,353,211,20,75.8,2953,1097,7619,31,137,150,247,97,134,-46.3,35.1,420,200,10.6,58
387,51.75,-114.63,1066,2.6,14.6,-10.7,25.4,491,374,25.7,39.1,1179,1159,5591,23,142,157,246,89,79,-45.5,33.5,578,151,13,52
388,50.79,-114.48,1341,2.4,13.8,-10.4,24.3,577,354,21.4,39.1,1118,1024,5686,16,133,165,242,77,169,-43.3,33.1,573,135,13.3,53
389,50.96,-114.76,1524,1.6,13.3,-11.2,24.5,595,354,19.5,37.6,1255,923,5961,12,127,173,240,67,201,-44.3,32.5,542,105,13.1,54
390,54.71,-111.28,671,0.8,15.8,-17.6,33.4,464,321,23.2,49.4,1863,1240,6276,34,150,147,249,102,118,-45.7,33.8,535,174,12.1,57
391,55.59,-118.22,640,1.4,15.6,-15.9,31.5,485,306,23.4,51.1,1700,1270,6066,35,154,144,252,108,145,-46.7,33.8,531,182,11.6,56
392,54.8,-111.29,610,0.8,16.1,-17.7,33.8,455,316,23.8,50.9,1875,1268,6260,38,151,147,250,103,113,-45.5,34,538,182,12,57
393,54.45,-110.83,533,1.4,16.7,-17.1,33.7,423,294,27,56.7,1794,1379,6055,51,158,142,253,112,103,-45.4,34.7,551,221,12.2,57
394,55.67,-116.86,622,1.2,15.8,-17,32.8,473,307,23.6,51.4,1770,1271,6126,35,150,146,249,104,134,-45.9,34.2,546,196,11.6,55
395,55.85,-113.21,579,-0.1,15.6,-19.9,35.5,473,320,21,48.7,2073,1175,6573,29,144,153,246,93,129,-46.2,33.7,522,163,11.8,55
396,55.94,-113.83,595,-0.3,15.4,-21,36.3,481,319,20.2,48.2,2127,1149,6660,27,143,153,247,94,138,-44.6,33.8,514,154,11.7,56
397,56.63,-114.55,625,-0.8,15.3,-21.7,37,474,308,19.5,49.7,2237,1119,6824,25,142,151,246,95,144,-44.8,33.8,502,155,11.4,56
398,56.63,-115.28,640,-0.2,15.9,-20.9,36.7,471,310,20.8,51.1,2131,1188,6623,31,145,149,248,100,134,-44.7,34.3,518,168,11.5,55
399,55.5,-112.25,769,-0.4,14.8,-18.7,33.6,489,335,19.7,44.2,2053,1059,6678,21,138,158,243,85,135,-46.9,32.6,511,136,12,56
400,51.05,-114.9,1585,1.4,13,-11.2,24.2,645,361,17.7,35.9,1280,890,6032,11,127,173,240,67,241,-44.1,32.1,533,94,13.6,55
401,56.63,-114.39,737,-1.3,14.7,-22,36.7,484,315,17.9,46.7,2336,1018,7029,19,137,156,244,89,154,-45,33.2,486,135,11.5,56
402,58.29,-111.42,228,-1.3,16.6,-23.5,40,393,243,22,68,2572,1247,7056,45,147,147,250,103,128,-46.9,35.6,492,214,11,57
403,58.03,-116.89,345,-0.4,16.6,-21.4,38,406,254,23.6,65.3,2326,1308,6725,47,149,144,249,105,126,-46.9,35.1,526,237,11.1,56
404,58.12,-115.57,294,-0.3,17.3,-22.3,39.6,393,244,24.7,71,2356,1385,6685,61,154,140,255,115,121,-45.2,35.7,515,235,11,58
405,58.38,-116.25,289,-0.4,17.2,-22.2,39.4,389,240,24.6,71.8,2400,1375,6741,59,153,140,255,114,123,-46.5,35.5,514,239,10.9,58
406,58.73,-118.75,279,-1.3,16.4,-23.1,39.5,377,226,23.1,72.4,2552,1238,7036,40,143,146,247,101,133,-46.3,35.2,507,246,10.7,56
407,49.39,-114.33,1371,2.8,14.6,-9.4,24.1,777,316,16.5,46.3,1039,1102,5517,21,147,162,251,89,356,-40.8,33.1,571,172,12.9,58
408,49.65,-114.6,1219,2.2,13.7,-9.4,23.2,520,240,23.5,57.2,1112,980,5748,15,143,162,251,88,226,-41.3,32.4,538,232,12.7,61
409,56.64,-116.26,670,-0.5,15.3,-20.4,35.7,448,284,21.3,53.9,2154,1134,6717,26,138,152,242,90,140,-45.4,34.2,528,206,11.6,54
410,57.05,-112.42,475,-0.8,15.8,-21.8,37.6,443,290,20.8,54.6,2334,1191,6845,33,144,151,246,96,131,-47.5,34.5,511,185,11.3,56
411,55.83,-121.66,732,1.7,14.7,-12.8,27.4,552,282,21.2,52,1437,1132,5920,23,150,156,252,96,216,-44.9,32.8,514,187,10.8,59
412,49.25,-114.75,1737,0.8,12.4,-10.1,22.4,1164,402,9.3,30.7,1300,745,6265,7,132,169,246,78,698,-41.9,29.9,429,59,12.2,66
413,49.2,-116.13,1432,3.1,14.5,-8,22.4,831,280,15.8,51.7,931,1084,5428,21,159,154,259,105,403,-37.7,33,530,172,11.7,66
414,50.96,-116.26,1829,0,11.6,-11.7,23.3,1078,434,9.3,26.8,1481,674,6551,6,117,172,239,66,617,-44.3,30.8,434,23,12.9,61
415,49.28,-118.88,671,6.3,17.8,-5.9,23.7,390,173,41.9,102.4,594,1690,4326,95,181,142,260,118,104,-34.4,38.5,766,523,10.9,57
416,49.35,-116.96,1372,3.4,14.5,-7,21.5,1443,421,9.3,34.4,851,1097,5317,21,172,145,267,122,706,-34.5,32.3,499,64,14.9,72
417,49.41,-115.05,991,3.7,15.4,-8.2,23.6,902,326,15.2,47.2,899,1230,5218,30,158,152,253,101,395,-39,34.5,595,183,12.7,60
418,50.51,-122.11,875,4.8,15.4,-6.1,21.5,640,175,23.1,88.5,686,1308,4820,36,177,147,267,120,263,-34.5,34.3,609,339,12.1,64
419,49.86,-119.71,1000,6,17,-4.8,21.8,491,173,32.6,98.1,551,1552,4409,70,205,130,278,148,147,-31.3,34.7,606,343,12.9,69
420,55.63,-123.68,762,1.4,13.8,-12.9,26.6,628,258,18.1,53.4,1396,985,6051,15,144,164,247,83,300,-42.5,31.8,495,201,11.2,62
421,52.4,-120.9,1650,0.9,11.3,-9.4,20.7,1144,457,9.5,24.8,1211,671,6218,6,130,171,250,79,611,-40.3,29.5,447,2,12.4,66
422,52.53,-120.5,1524,1.1,11.8,-9.4,21.1,1321,462,8.4,25.5,1193,734,6143,7,133,171,251,80,740,-39.7,29.9,456,1,11.8,67
423,52.83,-121.56,1300,2.1,12.6,-8.6,21.2,934,395,12.9,31.8,1038,844,5800,10,143,165,253,88,425,-38.9,30.9,478,29,11.8,65
424,50.93,-119.86,1575,2,12.8,-8.6,21.3,749,261,16,49,1071,858,5831,11,151,156,261,105,415,-38.6,30.6,462,144,13.2,68
425,53.4,-122.23,960,2.6,13.7,-10,23.7,736,332,17.1,41.4,1061,1014,5606,16,147,161,251,90,303,-40.4,32.3,527,154,11.4,61
426,59.9,-128.21,600,-2.6,14.8,-23.6,38.4,447,234,16.5,63.1,2723,974,7489,18,129,166,245,79,202,-52.1,33,448,203,9.8,55
427,50.31,-117.41,1710,1.4,12.4,-8.8,21.2,1510,411,7.6,30.2,1137,788,6025,8,142,164,256,92,929,-38.5,29.8,460,27,11.3,69
428,51.96,-120.61,1145,3,13.8,-8.5,22.3,690,311,18.8,44.4,961,1031,5476,17,143,164,249,85,275,-39.8,33.1,565,191,11.9,59
429,50.96,-121.78,1585,1.6,12,-8.8,20.8,544,218,21.3,54.8,1103,761,5980,8,133,173,251,79,276,-39.5,30.6,487,213,13,64
430,49.75,-121.75,1200,3.6,13,-4.6,17.6,2184,530,6.2,24.6,641,906,5231,12,175,153,270,118,926,-31.4,30.9,459,0,13.1,72
431,50.58,-119.73,1250,3.6,14.6,-7.5,22,522,237,26.1,61.5,861,1127,5240,23,161,154,259,105,194,-37.2,33.2,555,258,12.3,63
432,52.24,-121.1,1140,2.7,13.5,-8.7,22.2,777,334,16.3,40.3,981,975,5564,14,142,166,249,83,327,-40,32.7,542,146,11.8,60
433,52.55,-122.1,884,3.9,15.2,-8.5,23.7,515,256,27,59.4,881,1242,5127,30,161,153,256,104,170,-39.2,34,576,269,11.5,59
434,50.23,-115.7,950,4.1,16.4,-9.1,25.5,425,192,33.2,85.7,933,1400,5082,48,158,153,252,100,157,-39.9,36,641,395,11.5,57
435,49.5,-118.5,950,4.8,16.1,-6.7,22.8,666,216,22.2,74.5,727,1361,4830,46,166,153,259,106,264,-35.7,36.3,673,351,10.2,60
436,51.65,-118.51,600,5.3,17.4,-7.4,24.8,997,306,15.4,56.8,747,1596,4680,76,187,139,266,127,414,-34.9,36,657,254,11.5,65
437,52.08,-118.66,1140,2.1,13.7,-9.7,23.4,1412,363,8.6,37.7,1121,978,5771,15,150,157,253,96,843,-40,31.8,498,96,10.7,66
438,50.5,-115.88,1219,2.4,14.4,-10.2,24.5,471,228,26.4,62.9,1136,1075,5668,20,140,165,247,81,190,-42,33.7,577,289,11.2,58
439,49.28,-114.7,2000,0.6,12.1,-10.2,22.3,1294,438,8.2,27.6,1339,712,6343,6,131,170,247,78,797,-42,29.5,417,41,14.2,67
440,49.81,-117.38,1800,1.8,13.2,-8.2,21.4,1341,339,8.8,38.9,1099,866,5888,11,153,158,264,106,820,-37.8,30.7,435,53,11.4,73
441,50.01,-114.83,1500,1.6,13.6,-10,23.6,737,304,15.8,44.7,1225,925,5952,13,135,168,245,77,373,-41.9,31.8,537,156,12.6,61
442,51.65,-118.45,655,5,17,-7.6,24.7,1036,322,14.5,52.9,784,1527,4787,65,183,140,266,125,445,-35.4,35.5,639,224,11.9,65
443,51.5,-117.18,800,3.8,16,-9.6,25.7,561,203,24.7,78.9,971,1351,5178,41,162,151,256,105,257,-39.5,34.8,602,346,11.8,60
444,50.73,-118.03,670,5.5,16.9,-6,22.9,1181,288,13.2,58.7,651,1569,4580,64,191,138,269,131,489,-33.1,34.7,647,239,11.5,66
445,49.38,-116.5,1820,1.7,13,-8.8,21.7,1016,292,11.5,44.4,1118,852,5929,10,148,158,256,98,608,-38.6,30.9,464,107,13.7,70
446,51.6,-119.91,425,6,18.1,-7.2,25.3,454,214,35.4,84.9,693,1718,4448,107,185,140,264,124,129,-35.3,37.4,713,426,10.2,60
447,51.35,-119.08,1400,2.6,14,-8.8,22.9,1317,360,9.6,39,1042,1042,5608,18,162,149,264,115,739,-37.5,31.6,482,82,12.9,70
448,50.83,-119.13,1500,3.3,14.4,-7.9,22.3,957,330,13.9,43.6,918,1123,5362,22,170,143,271,128,455,-37.7,32,483,110,12.8,68
449,49.26,-119.73,1219,5,15.8,-5.3,21.1,512,195,29.3,81.1,636,1332,4746,41,186,140,273,133,170,-33.4,33.8,586,291,12.7,67
450,50.05,-119.26,1463,3.2,13.9,-7.2,21.1,779,298,16.9,46.5,876,1022,5384,17,160,155,263,108,333,-37.1,32.3,515,143,13.4,65
451,50.16,-119.75,1500,2.8,13.2,-7.1,20.2,787,226,16.3,58.3,900,924,5524,12,152,161,255,94,409,-36.9,31.8,513,228,12.5,66
452,49.48,-120.95,1050,4.4,14.8,-6.2,21,1049,224,13.7,65.8,715,1194,4970,27,165,158,259,101,490,-34.8,34.5,627,279,12.2,63
453,49.3,-120.78,1700,1.8,11.3,-6.7,18.1,1184,243,10,46.7,947,673,5898,6,133,175,253,78,732,-36.3,29.9,469,159,13.4,66
454,50.43,-121.93,1640,1,10.8,-7.9,18.7,794,211,13.9,51.2,1114,607,6180,5,131,174,258,83,496,-38.2,29,435,164,14.3,68
455,50.38,-121.56,1450,2.6,13.1,-7.4,20.5,493,154,25.5,84.7,953,908,5615,12,158,154,264,111,258,-36.8,30.8,472,269,13.5,69
456,52.38,-121.98,950,3.6,14.6,-8.8,23.4,542,262,25,56,911,1159,5257,24,154,157,253,96,190,-39.9,33.8,573,258,11.7,58
457,51.96,-121.41,1100,3.2,14,-8.5,22.5,562,253,23.4,55.2,942,1074,5397,19,146,161,251,91,218,-40.3,33.3,566,255,12,58
458,59.06,-121.28,665,-1,14.7,-18.9,33.6,464,284,19.4,52,2182,1009,6900,19,136,157,242,85,166,-46.8,32.6,455,134,10.6,59
459,53.53,-124.78,1021,1.8,12.8,-10.3,23.2,576,241,20.5,53.2,1153,870,5889,11,135,176,250,74,255,-42,31.3,500,218,10.9,60
460,53.63,-122.33,1300,1.3,12,-10.8,22.8,1046,369,10.8,32.5,1221,776,6080,8,137,165,251,86,564,-40.6,30.2,465,68,11.2,65
461,54.9,-126.36,1036,1.5,12.5,-10.4,22.8,707,250,16.2,49.9,1177,798,6011,9,139,168,250,82,369,-40.6,30.5,453,164,11.1,65
462,54.56,-127.15,1200,0.6,10.7,-9.9,20.7,900,267,11.8,40.2,1246,602,6339,4,130,172,251,79,557,-40.4,28.5,410,118,10.8,68
463,58.08,-121.55,450,-0.3,16.2,-19.6,35.8,464,287,20.9,56.3,2194,1221,6670,37,147,149,246,97,150,-48.1,34.2,495,168,10.6,60
464,56.96,-122.25,950,0.4,13.9,-14.4,28.3,515,345,20.3,40.2,1661,953,6392,14,137,161,243,83,151,-45.4,31.5,475,89,11.1,60
465,57.8,-120.2,750,-0.6,14.6,-18.5,33.1,473,299,19.8,48.8,2105,1027,6775,19,140,152,245,93,157,-47.9,32.3,469,130,11.1,59
466,51.78,-117.73,1400,1.4,12.9,-10.2,23.1,1196,352,9.5,36.5,1224,844,6051,10,139,163,251,88,716,-41.2,31.1,478,82,12.1,65
467,50.91,-116.91,1430,1.4,13,-10.9,23.8,959,261,11.9,49.7,1270,882,6040,11,132,171,245,74,594,-43.4,32,527,193,11.1,60
468,50.01,-117.85,1440,3.6,14.7,-6.8,21.5,1070,332,12.7,44.3,836,1138,5249,23,167,152,266,114,494,-35.3,32.5,524,122,13,68
469,54.93,-127.41,625,2.8,13.5,-9.5,22.9,545,243,23.5,55.3,988,996,5528,15,155,157,255,98,208,-39.5,32,497,211,10.3,63
470,51.9,-124.53,975,2.7,13.7,-9.6,23.3,387,162,32.9,84.6,1037,1028,5553,16,128,173,240,68,160,-44,34.1,598,386,11.5,52
471,54.83,-125,720,2.4,14.2,-11.4,25.6,526,209,23.5,67.8,1170,1057,5682,18,153,159,256,97,237,-41.6,32.4,507,250,10.7,62
472,51.58,-123.08,1250,2.1,12.7,-9.3,22,563,197,21.5,64.3,1058,873,5775,10,125,174,245,72,278,-44.1,32.2,549,298,12.1,54
473,52.91,-120.95,1020,3.3,13.7,-8.3,21.9,849,393,15.6,34.8,887,1078,5361,17,158,156,256,100,309,-37.9,32.4,523,78,12.4,63
474,49.33,-121.05,1460,2.7,12.5,-5.7,18.2,1504,309,8.5,40.6,817,825,5559,10,149,165,258,93,832,-34.2,31.2,488,126,13.4,68
475,51.78,-120.21,1280,2,12.7,-8.9,21.6,783,317,15.3,40.1,1080,854,5839,10,133,171,248,77,372,-40.4,31.6,522,133,11.4,61
476,51.11,-120.35,1450,2.1,12.2,-8.8,21.1,560,253,21.6,48.2,1043,843,5797,9,140,162,249,87,245,-40.2,30.9,509,194,12.6,62
477,50.98,-120.48,1775,0.8,10.2,-9.3,19.5,587,270,18.3,38,1199,598,6280,4,127,167,244,77,292,-40.7,28.4,405,122,13.2,65
478,49.65,-119.46,1725,1.7,12.2,-8.2,20.4,774,290,15.2,42,1061,769,5921,8,136,172,252,81,411,-38.6,30.9,490,133,14.2,65
479,50.23,-115.7,950,4.1,16.4,-9.1,25.5,425,192,33.2,85.7,933,1400,5082,48,158,153,252,100,157,-39.9,36,641,395,11.5,57
480,50.15,-122.4,1200,3.5,13.1,-5.3,18.4,1315,255,10.3,51.5,714,955,5265,13,165,161,269,109,636,-33,31.6,501,190,12.5,68
481,53.85,-124.23,850,2.2,13.7,-11.3,25,551,246,22.1,55.6,1190,1002,5760,15,143,164,251,87,234,-43,32.5,526,232,11,59
482,55.15,-122.91,780,1.6,13.9,-12.2,26.1,808,278,14.3,49.9,1347,998,5980,15,147,162,251,89,431,-42.8,31.7,490,172,11,63
483,54.38,-122.75,853,2.2,13.9,-11.1,25,834,311,14.7,44.8,1188,1031,5744,17,152,154,253,100,398,-41.8,32.3,504,151,11.2,63
484,51.5,-117.18,746,4,16.2,-9.5,25.8,531,193,26.3,84.1,955,1382,5127,45,164,150,257,107,241,-39.3,34.9,608,363,11.7,60
485,50.45,-115.9,1223,3.3,15.3,-9.6,25,515,239,25.7,64.1,1031,1225,5373,31,150,158,250,92,200,-40.7,34.7,603,299,12.6,58
486,49.75,-119.41,1300,3.6,14.3,-7.2,21.5,608,245,22.3,58.5,844,1095,5260,21,160,157,259,102,250,-36.5,33.1,553,234,12.2,64
487,51.6,-119.95,480,6,18,-7.2,25.2,475,216,33.6,83.3,696,1697,4468,102,185,140,264,124,138,-35.4,37.4,710,416,10.2,60
488,51.93,-120.01,670,4.9,16.5,-7.7,24.2,607,287,24.5,57.4,780,1478,4813,52,169,148,257,109,189,-37.3,35.4,664,290,10.8,59
489,49.2,-118.65,1330,3.9,15.2,-7,22.2,625,223,22.3,68,819,1194,5137,30,162,153,260,107,270,-36.9,34.4,579,290,13.1,63
490,50.68,-118.11,1350,3,14.2,-7.8,22.1,1409,345,9.2,41.3,966,1083,5468,20,156,158,263,105,803,-37.5,32.8,533,128,12.6,65
491,50.16,-118.7,1300,3.4,14.2,-7.2,21.4,796,311,16.8,45.6,867,1069,5321,20,161,155,261,106,332,-36.9,32.9,534,148,11.9,65
492,51.7,-124.7,1300,1.7,11.5,-8.8,20.4,640,246,18.3,46.8,1067,739,5939,7,118,179,241,62,311,-42.3,31.3,521,221,10.8,56
493,52.58,-120.36,1000,3.4,14.7,-8.3,23,901,399,14.9,36.8,916,1156,5318,23,156,159,258,99,346,-38.4,33.4,550,98,11.6,62
494,52.56,-121.58,1006,3.6,14.6,-7.9,22.5,668,301,20.4,48.4,872,1140,5235,23,156,157,254,97,243,-38.5,33.6,561,198,12,60
495,53.13,-124.53,1200,1.2,12.1,-10.7,22.8,529,240,21.2,50.4,1234,771,6102,8,119,181,240,59,239,-44.6,31.3,512,228,11.7,55
496,51.5,-117.25,975,3.2,15.3,-9.7,25,732,230,18.1,66.5,1031,1216,5384,29,156,154,255,100,375,-40,34,573,282,11.3,61
497,49.81,-114.86,1220,3,14.8,-9.1,23.8,585,227,22.3,65,1014,1132,5456,23,148,159,249,91,263,-40.5,33.7,582,284,12.4,59
498,50.13,-122.95,640,6,15.4,-3.2,18.6,1394,295,11.5,52.1,436,1384,4399,39,204,141,276,135,388,-29,34.2,612,202,11.9,68
499,53.9,-126.03,1000,1.9,12.6,-9.9,22.5,524,211,22.8,59.9,1108,856,5850,10,144,166,253,87,241,-40.5,30.9,476,225,11.1,64
500,51.01,-118.21,460,6.4,17.9,-5.7,23.6,936,296,17.6,60.5,578,1773,4295,101,207,129,273,144,306,-31.8,35.9,679,267,10.7,67
501,50.75,-117.91,1540,2.1,13.2,-8.3,21.5,1500,349,8.1,37.9,1062,908,5787,12,152,156,258,103,932,-37.7,30.8,477,88,12.5,69
502,51.23,-119.65,1410,2.8,13.9,-8.2,22.1,793,281,16.2,49.6,981,1023,5524,18,160,152,263,112,387,-37.6,31.9,496,165,13.4,68
503,56.21,-122,800,1.2,14.3,-13.8,28.1,521,287,21.5,49.9,1544,1064,6115,19,148,157,250,93,188,-45,32.2,495,166,11.2,60
504,49.01,-115.55,1525,2.9,14.1,-7.9,22,992,292,13.1,48.2,921,1025,5483,17,146,165,252,87,518,-37.5,33.3,566,193,13.7,62
505,50.26,-118.13,1100,4.2,15.3,-6.4,21.7,1084,335,13.1,45.7,774,1275,5033,32,172,150,267,117,472,-34.8,33.7,562,155,11.3,66
506,50.41,-117.68,1370,2.9,13.9,-7.6,21.5,1487,454,8.7,30.7,934,1026,5492,16,158,156,261,105,757,-36.5,31.4,513,31,10.6,67
507,49.43,-120.81,1700,1.9,11.6,-6.4,18,1149,258,10.4,45,931,699,5848,6,139,171,256,85,689,-35.9,29.9,462,144,13.7,67
508,54.33,-126.16,900,1.8,12.8,-10.4,23.1,553,210,21.4,60.8,1142,863,5879,10,142,164,249,85,266,-41.2,31.2,481,228,10.4,63
509,54,-126,1000,2,12.6,-9.8,22.4,528,209,22.7,60.6,1094,860,5828,10,143,167,252,85,246,-40.9,31.1,479,229,10.8,63
510,58.41,-122.91,450,-0.7,15.9,-20.3,36.3,495,310,18.8,51.4,2299,1194,6811,34,145,152,247,95,157,-48.5,34.3,495,147,10.5,60
511,53.75,-121.61,1300,1.3,11.9,-9.7,21.6,1335,461,8.5,25.7,1176,773,6063,7,140,162,252,90,721,-40.9,29.7,446,6,11,66
512,50.16,-117.58,1550,3.1,14.3,-7.2,21.5,1252,358,10.5,40,902,1063,5414,19,163,155,262,107,639,-35.5,31.7,510,95,13.3,69
513,51.03,-118.35,1150,3.5,14.9,-7.8,22.7,1349,370,10,40.3,906,1183,5285,27,171,146,266,120,691,-36.2,32.9,526,119,10.7,69
514,54.2,-122.01,700,3.2,14.9,-10.5,25.4,929,356,14.2,41.8,1055,1215,5389,27,161,151,256,105,399,-40.7,33.4,541,154,11.1,61
515,55.4,-125.76,1433,-0.7,10,-12,22,822,322,11.4,31.1,1525,497,6796,3,109,178,237,59,482,-43.8,28,367,44,11.7,64
516,53.91,-122.28,721,3.3,14.8,-10.2,25.1,839,324,15.8,45.8,1030,1186,5361,26,160,152,255,104,356,-40.4,33.4,546,184,11.2,61
517,54.3,-122,750,2.8,14.5,-10.6,25.1,1015,379,12.7,38.2,1093,1147,5517,22,159,152,255,103,452,-40.8,32.8,525,117,11.1,62
518,54.26,-122.85,750,3,14.7,-10.7,25.4,749,292,17.3,50.2,1092,1153,5475,24,161,148,256,107,326,-41,33.1,528,191,11.2,62
519,54.78,-122.51,750,2.1,14.2,-11.7,25.8,881,314,13.8,45.1,1254,1075,5782,19,151,157,252,95,436,-42.3,32.7,513,153,11,62
520,54.33,-121.48,700,3,14.9,-10.6,25.5,1264,461,10.3,32.4,1096,1201,5454,26,160,153,257,104,553,-40.9,33.1,540,79,11.5,62
521,55.55,-125.96,922,1.4,13,-11.9,24.9,619,266,18.4,48.8,1298,870,6046,10,136,168,246,78,288,-42.1,31.4,489,183,10.8,61
522,53.01,-123.18,1190,1.5,12.8,-10.5,23.3,565,285,20.3,44.8,1225,845,6009,10,130,173,242,70,235,-43.2,31.1,503,172,11.6,60
523,52.96,-122.75,853,3.3,14.8,-9.8,24.6,553,276,24,53.5,1012,1166,5365,25,155,156,254,98,199,-41,33.1,554,232,11.3,59
524,53.15,-122.6,700,4.1,15.7,-9.3,25,572,267,24.6,58.8,915,1313,5089,37,167,149,259,110,201,-39.5,34,576,261,11.5,60
525,52.85,-122.1,1000,3.2,14.4,-8.9,23.3,628,306,21,47.1,966,1100,5403,21,157,154,258,103,230,-39.1,32.5,528,169,11.8,62
526,52.65,-124.23,1250,1.3,12.1,-9.8,21.9,466,203,24.3,59.6,1203,767,6080,8,108,180,233,53,220,-45.7,32.1,539,288,11.4,51
527,49.75,-119,1700,1.6,12.4,-8.2,20.6,854,296,13.6,41.9,1089,769,5968,8,133,172,251,79,476,-38.5,31.2,492,129,12.3,65
528,52.56,-118.88,1300,1.7,13.1,-10.2,23.3,980,343,11.9,38.1,1199,908,5931,11,142,163,250,87,520,-41.2,31,493,103,13,64
529,56.36,-123.11,1200,-0.1,12.3,-13.2,25.5,584,290,16.9,42.4,1610,757,6585,7,129,168,245,76,269,-44.3,29.9,434,107,11.6,62
530,57.23,-125.51,1200,-1.2,11,-14.3,25.3,581,284,15.1,38.6,1798,576,6996,4,112,175,238,63,301,-46.1,28.8,375,94,11.1,62
531,54.56,-123.65,840,1.7,13.8,-12.2,26,682,248,17.2,55.6,1317,999,5915,16,146,160,250,90,344,-42.6,32.5,509,210,11.1,61
532,55.05,-124.81,1075,0.7,12.1,-11.7,23.8,715,261,15,46.3,1371,746,6287,7,133,169,247,78,390,-42.6,29.9,454,144,11.3,65
533,55.1,-125.4,1170,0.7,11.8,-11.1,22.9,754,275,14.2,42.8,1322,699,6303,6,131,165,244,79,411,-41.8,29.6,440,119,11.6,66
534,55.16,-120.96,1000,1.3,13.5,-11.8,25.3,665,323,17,41.9,1388,959,6073,13,144,162,251,89,278,-43.5,31.3,485,120,11.7,62
535,54.13,-126.5,900,2,12.9,-10.2,23.1,516,214,23.2,60.2,1124,887,5829,11,142,166,250,84,233,-41,31.7,493,238,10.7,62
536,54.66,-126.66,900,2.1,13.2,-9.9,23,590,247,20.5,53.3,1091,889,5792,11,145,165,251,86,261,-40.2,31,476,183,10.9,64
537,56.35,-125.4,850,0.6,13.2,-14.7,28,501,232,21.1,57,1564,886,6337,11,135,162,245,82,232,-44.2,31.8,488,219,10.7,61
538,53.5,-122.16,890,2.8,13.9,-9.8,23.6,813,329,15.7,42.1,1032,1040,5538,17,146,163,249,87,351,-40.5,32.8,545,169,10.9,59
539,53.58,-123.01,840,3,14.7,-10.1,24.8,593,257,22,57.3,1048,1136,5448,24,158,152,255,103,238,-41.3,32.8,532,226,11.4,62
540,53.36,-123.43,1050,1.7,13.4,-11.3,24.7,591,255,19.8,52.5,1252,921,5938,13,137,168,248,80,270,-43.5,31.6,507,201,11.3,60
541,53.66,-122.38,1050,1.8,12.9,-10.6,23.5,966,343,12.2,37.5,1165,875,5895,11,141,164,248,84,495,-40.5,31.4,490,116,11,64
542,55.5,-126.58,950,1.4,12.4,-10.9,23.3,706,279,16.2,44.2,1204,801,6025,8,137,167,246,79,344,-41,30.5,468,154,10.6,63
543,55.68,-124.35,1200,-0.2,11.5,-12.6,24,787,317,12.5,36.1,1546,657,6610,5,120,169,234,65,428,-44.2,29.7,445,86,11.3,63
544,59.21,-123.45,335,-1.2,16.4,-21.6,37.9,509,321,17.4,50.9,2478,1217,6988,40,139,164,249,85,163,-48.3,35.2,499,139,10.2,58
545,59.85,-123.85,250,-1,16.6,-20.1,36.7,454,299,19.8,55.6,2437,1239,6935,43,143,152,251,99,136,-50.1,33.9,486,148,10,59
546,55.51,-122.2,950,0.9,13.2,-12,25.2,1068,351,10.3,37.7,1434,902,6198,11,145,160,250,90,615,-43.3,30.7,460,82,11.5,65
547,51.3,-122.75,1550,1,11.2,-9.2,20.5,836,215,13.2,52.2,1180,671,6175,6,126,171,251,80,515,-40.4,29.9,473,191,13,64
548,49.65,-121,1100,4,14.2,-6.2,20.4,1326,263,10.6,54,720,1100,5092,21,163,158,257,99,643,-34.7,33.6,563,215,11.5,64
549,49.65,-120.15,1700,1.6,11.9,-7.9,19.7,710,224,16.3,52.8,1070,728,5983,7,136,169,253,84,408,-38.2,30.5,477,190,12.6,67
550,49.05,-117.76,1150,5.5,17.1,-5.9,23,900,271,17.2,63.2,642,1487,4615,68,193,135,275,140,341,-32.7,35.1,617,232,12.9,68
551,57.26,-122.83,890,0.4,13.8,-14.6,28.4,560,386,18.6,35.6,1657,935,6408,13,135,164,244,80,159,-45.6,31.7,473,46,10.9,59
552,55.54,-120.75,1000,1.4,13.7,-11.7,25.4,598,326,19,42,1391,1001,6036,15,147,158,254,96,226,-43.8,31.4,479,114,11.8,61
553,56.38,-120.63,700,0.9,15.1,-15.4,30.4,455,272,24,55.4,1726,1160,6207,26,151,150,250,100,152,-47,32.7,506,195,11.4,59
554,58.13,-122.76,525,-0.5,15.6,-19.3,35,495,315,19.1,49.7,2188,1146,6743,29,143,153,246,93,156,-47.5,33.7,490,145,10.6,60
555,52.83,-120.93,1585,1.1,11.5,-9.6,21.1,1268,464,8.8,24.8,1183,718,6145,6,134,171,250,79,689,-39.5,29.6,446,0,12.6,67
556,,,,,,,,,,,,,,,,,,,,,,,,,,
557,,,,,,,,,,,,,,,,,,,,,,,,,,
558,,,,,,,,,,,,,,,,,,,,,,,,,,
559,,,,,,,,,,,,,,,,,,,,,,,,,,
560,,,,,,,,,,,,,,,,,,,,,,,,,,
561,,,,,,,,,,,,,,,,,,,,,,,,,,
562,,,,,,,,,,,,,,,,,,,,,,,,,,
563,,,,,,,,,,,,,,,,,,,,,,,,,,
564,,,,,,,,,,,,,,,,,,,,,,,,,,
565,,,,,,,,,,,,,,,,,,,,,,,,,,
566,,,,,,,,,,,,,,,,,,,,,,,,,,
567,,,,,,,,,,,,,,,,,,,,,,,,,,
568,,,,,,,,,,,,,,,,,,,,,,,,,,
569,,,,,,,,,,,,,,,,,,,,,,,,,,
570,,,,,,,,,,,,,,,,,,,,,,,,,,
571,,,,,,,,,,,,,,,,,,,,,,,,,,
572,,,,,,,,,,,,,,,,,,,,,,,,,,
573,,,,,,,,,,,,,,,,,,,,,,,,,,
574,,,,,,,,,,,,,,,,,,,,,,,,,,
575,,,,,,,,,,,,,,,,,,,,,,,,,,
576,,,,,,,,,,,,,,,,,,,,,,,,,,
577,,,,,,,,,,,,,,,,,,,,,,,,,,
578,,,,,,,,,,,,,,,,,,,,,,,,,,
579,,,,,,,,,,,,,,,,,,,,,,,,,,
580,39.43,-122.95,551,12.8,21.9,4.7,17.1,1187,50,19.2,433.7,62,2987,2281,379,262,130,288,159,25,-20.5,43.4,1320,887,16.3,47
581,47.01,-122.87,55,10.3,17.7,3.5,14.2,1259,209,16.1,84.4,90,2178,2903,120,292,110,306,196,40,-17,36.9,809,363,11.6,66
582,39.57,-108.19,2463,5.7,18.7,-5.6,24.3,445,164,35.2,114.3,674,1663,4571,103,180,144,273,130,140,-35.1,34.8,706,453,18.4,61
583,59.6,-128.54,957,-1.5,12.6,-16.3,28.9,534,262,16,48,2051,737,7084,7,119,172,240,67,269,-49,30.1,372,126,10.1,58
584,42.23,-122.34,1474,6.7,16.6,-1.7,18.3,810,143,20.6,115.8,335,1491,4161,57,177,166,267,101,184,-29.3,37.1,857,500,16.1,56
585,,,,,,,,,,,,,,,,,,,,,,,,,,
586,,,,,,,,,,,,,,,,,,,,,,,,,,